Starting up http-server, serving ./

http-server version: 14.1.1

http-server settings:
CORS: disabled
Cache: 3600 seconds
Connection Timeout: 120 seconds
Directory Listings: visible
AutoIndex: visible
Serve GZIP Files: false
Serve Brotli Files: false
Default File Extension: none

Available on:
  http://127.0.0.1:3000
  http://192.168.0.2:3000
Hit CTRL-C to stop the server

[2026-09-02T04:04:46.872Z]  "GET /" "Mozilla/5.0 (X11; Linux x86_64) AppleWebKit/537.36 (KHTML, like Gecko) HeadlessChrome/145.0.7632.6 Safari/537.36"
(node:156879) [DEP0066] DeprecationWarning: OutgoingMessage.prototype._headers is deprecated
(Use `node --trace-deprecation ...` to show where the warning was created)
[2026-09-02T04:04:46.935Z]  "GET /styles.css" "Mozilla/5.0 (X11; Linux x86_64) AppleWebKit/537.36 (KHTML, like Gecko) HeadlessChrome/145.0.7632.6 Safari/537.36"
[2026-09-02T04:04:46.936Z]  "GET /Assets/Extra/Logo.jpg" "Mozilla/5.0 (X11; Linux x86_64) AppleWebKit/537.36 (KHTML, like Gecko) HeadlessChrome/145.0.7632.6 Safari/537.36"
[2026-09-02T04:04:46.942Z]  "GET /Assets/Pokemon%20Sprites/1.png" "Mozilla/5.0 (X11; Linux x86_64) AppleWebKit/537.36 (KHTML, like Gecko) HeadlessChrome/145.0.7632.6 Safari/537.36"
[2026-09-02T04:04:46.947Z]  "GET /src/ui.js" "Mozilla/5.0 (X11; Linux x86_64) AppleWebKit/537.36 (KHTML, like Gecko) HeadlessChrome/145.0.7632.6 Safari/537.36"
[2026-09-02T04:04:46.987Z]  "GET /Assets/Pokemon%20Sprites/4.png" "Mozilla/5.0 (X11; Linux x86_64) AppleWebKit/537.36 (KHTML, like Gecko) HeadlessChrome/145.0.7632.6 Safari/537.36"
[2026-09-02T04:04:46.998Z]  "GET /Assets/Pokemon%20Sprites/7.png" "Mozilla/5.0 (X11; Linux x86_64) AppleWebKit/537.36 (KHTML, like Gecko) HeadlessChrome/145.0.7632.6 Safari/537.36"
[2026-09-02T04:04:47.103Z]  "GET /src/mathEngine.js" "Mozilla/5.0 (X11; Linux x86_64) AppleWebKit/537.36 (KHTML, like Gecko) HeadlessChrome/145.0.7632.6 Safari/537.36"
[2026-09-02T04:04:47.106Z]  "GET /src/battleSystem.js" "Mozilla/5.0 (X11; Linux x86_64) AppleWebKit/537.36 (KHTML, like Gecko) HeadlessChrome/145.0.7632.6 Safari/537.36"
[2026-09-02T04:04:47.108Z]  "GET /src/dayCare.js" "Mozilla/5.0 (X11; Linux x86_64) AppleWebKit/537.36 (KHTML, like Gecko) HeadlessChrome/145.0.7632.6 Safari/537.36"
[2026-09-02T04:04:47.109Z]  "GET /src/storage.js" "Mozilla/5.0 (X11; Linux x86_64) AppleWebKit/537.36 (KHTML, like Gecko) HeadlessChrome/145.0.7632.6 Safari/537.36"
[2026-09-02T04:04:47.109Z]  "GET /src/state.js" "Mozilla/5.0 (X11; Linux x86_64) AppleWebKit/537.36 (KHTML, like Gecko) HeadlessChrome/145.0.7632.6 Safari/537.36"
[2026-09-02T04:04:47.110Z]  "GET /src/ui/topbar.js" "Mozilla/5.0 (X11; Linux x86_64) AppleWebKit/537.36 (KHTML, like Gecko) HeadlessChrome/145.0.7632.6 Safari/537.36"
[2026-09-02T04:04:47.110Z]  "GET /src/ui/sidebar.js" "Mozilla/5.0 (X11; Linux x86_64) AppleWebKit/537.36 (KHTML, like Gecko) HeadlessChrome/145.0.7632.6 Safari/537.36"
[2026-09-02T04:04:47.118Z]  "GET /src/ui/battle.js" "Mozilla/5.0 (X11; Linux x86_64) AppleWebKit/537.36 (KHTML, like Gecko) HeadlessChrome/145.0.7632.6 Safari/537.36"
[2026-09-02T04:04:47.118Z]  "GET /src/ui/map.js" "Mozilla/5.0 (X11; Linux x86_64) AppleWebKit/537.36 (KHTML, like Gecko) HeadlessChrome/145.0.7632.6 Safari/537.36"
[2026-09-02T04:04:47.119Z]  "GET /src/ui/pokedex.js" "Mozilla/5.0 (X11; Linux x86_64) AppleWebKit/537.36 (KHTML, like Gecko) HeadlessChrome/145.0.7632.6 Safari/537.36"
[2026-09-02T04:04:47.122Z]  "GET /src/ui/pokemonStats.js" "Mozilla/5.0 (X11; Linux x86_64) AppleWebKit/537.36 (KHTML, like Gecko) HeadlessChrome/145.0.7632.6 Safari/537.36"
[2026-09-02T04:04:47.124Z]  "GET /src/ui/settings.js" "Mozilla/5.0 (X11; Linux x86_64) AppleWebKit/537.36 (KHTML, like Gecko) HeadlessChrome/145.0.7632.6 Safari/537.36"
[2026-09-02T04:04:47.127Z]  "GET /src/ui/market.js" "Mozilla/5.0 (X11; Linux x86_64) AppleWebKit/537.36 (KHTML, like Gecko) HeadlessChrome/145.0.7632.6 Safari/537.36"
[2026-09-02T04:04:47.128Z]  "GET /src/ui/backpack/index.js" "Mozilla/5.0 (X11; Linux x86_64) AppleWebKit/537.36 (KHTML, like Gecko) HeadlessChrome/145.0.7632.6 Safari/537.36"
[2026-09-02T04:04:47.129Z]  "GET /src/ui/backpack/pokemon.js" "Mozilla/5.0 (X11; Linux x86_64) AppleWebKit/537.36 (KHTML, like Gecko) HeadlessChrome/145.0.7632.6 Safari/537.36"
[2026-09-02T04:04:47.140Z]  "GET /src/ui/backpack/pokeballs.js" "Mozilla/5.0 (X11; Linux x86_64) AppleWebKit/537.36 (KHTML, like Gecko) HeadlessChrome/145.0.7632.6 Safari/537.36"
[2026-09-02T04:04:47.140Z]  "GET /src/ui/backpack/potions.js" "Mozilla/5.0 (X11; Linux x86_64) AppleWebKit/537.36 (KHTML, like Gecko) HeadlessChrome/145.0.7632.6 Safari/537.36"
[2026-09-02T04:04:47.141Z]  "GET /src/ui/backpack/stones.js" "Mozilla/5.0 (X11; Linux x86_64) AppleWebKit/537.36 (KHTML, like Gecko) HeadlessChrome/145.0.7632.6 Safari/537.36"
[2026-09-02T04:04:47.147Z]  "GET /src/ui/backpack/utils.js" "Mozilla/5.0 (X11; Linux x86_64) AppleWebKit/537.36 (KHTML, like Gecko) HeadlessChrome/145.0.7632.6 Safari/537.36"
[2026-09-02T04:05:40.246Z]  "GET /" "Mozilla/5.0 (X11; Linux x86_64) AppleWebKit/537.36 (KHTML, like Gecko) HeadlessChrome/145.0.7632.6 Safari/537.36"
[2026-09-02T04:05:40.256Z]  "GET /styles.css" "Mozilla/5.0 (X11; Linux x86_64) AppleWebKit/537.36 (KHTML, like Gecko) HeadlessChrome/145.0.7632.6 Safari/537.36"
[2026-09-02T04:05:40.262Z]  "GET /src/ui.js" "Mozilla/5.0 (X11; Linux x86_64) AppleWebKit/537.36 (KHTML, like Gecko) HeadlessChrome/145.0.7632.6 Safari/537.36"
[2026-09-02T04:05:40.262Z]  "GET /Assets/Extra/Logo.jpg" "Mozilla/5.0 (X11; Linux x86_64) AppleWebKit/537.36 (KHTML, like Gecko) HeadlessChrome/145.0.7632.6 Safari/537.36"
[2026-09-02T04:05:40.263Z]  "GET /Assets/Pokemon%20Sprites/1.png" "Mozilla/5.0 (X11; Linux x86_64) AppleWebKit/537.36 (KHTML, like Gecko) HeadlessChrome/145.0.7632.6 Safari/537.36"
[2026-09-02T04:05:40.271Z]  "GET /Assets/Pokemon%20Sprites/4.png" "Mozilla/5.0 (X11; Linux x86_64) AppleWebKit/537.36 (KHTML, like Gecko) HeadlessChrome/145.0.7632.6 Safari/537.36"
[2026-09-02T04:05:40.273Z]  "GET /Assets/Pokemon%20Sprites/7.png" "Mozilla/5.0 (X11; Linux x86_64) AppleWebKit/537.36 (KHTML, like Gecko) HeadlessChrome/145.0.7632.6 Safari/537.36"
[2026-09-02T04:05:40.301Z]  "GET /src/mathEngine.js" "Mozilla/5.0 (X11; Linux x86_64) AppleWebKit/537.36 (KHTML, like Gecko) HeadlessChrome/145.0.7632.6 Safari/537.36"
[2026-09-02T04:05:40.301Z]  "GET /src/battleSystem.js" "Mozilla/5.0 (X11; Linux x86_64) AppleWebKit/537.36 (KHTML, like Gecko) HeadlessChrome/145.0.7632.6 Safari/537.36"
[2026-09-02T04:05:40.302Z]  "GET /src/dayCare.js" "Mozilla/5.0 (X11; Linux x86_64) AppleWebKit/537.36 (KHTML, like Gecko) HeadlessChrome/145.0.7632.6 Safari/537.36"
[2026-09-02T04:05:40.302Z]  "GET /src/storage.js" "Mozilla/5.0 (X11; Linux x86_64) AppleWebKit/537.36 (KHTML, like Gecko) HeadlessChrome/145.0.7632.6 Safari/537.36"
[2026-09-02T04:05:40.302Z]  "GET /src/state.js" "Mozilla/5.0 (X11; Linux x86_64) AppleWebKit/537.36 (KHTML, like Gecko) HeadlessChrome/145.0.7632.6 Safari/537.36"
[2026-09-02T04:05:40.306Z]  "GET /src/ui/topbar.js" "Mozilla/5.0 (X11; Linux x86_64) AppleWebKit/537.36 (KHTML, like Gecko) HeadlessChrome/145.0.7632.6 Safari/537.36"
[2026-09-02T04:05:40.314Z]  "GET /src/ui/sidebar.js" "Mozilla/5.0 (X11; Linux x86_64) AppleWebKit/537.36 (KHTML, like Gecko) HeadlessChrome/145.0.7632.6 Safari/537.36"
[2026-09-02T04:05:40.315Z]  "GET /src/ui/battle.js" "Mozilla/5.0 (X11; Linux x86_64) AppleWebKit/537.36 (KHTML, like Gecko) HeadlessChrome/145.0.7632.6 Safari/537.36"
[2026-09-02T04:05:40.315Z]  "GET /src/ui/map.js" "Mozilla/5.0 (X11; Linux x86_64) AppleWebKit/537.36 (KHTML, like Gecko) HeadlessChrome/145.0.7632.6 Safari/537.36"
[2026-09-02T04:05:40.315Z]  "GET /src/ui/pokedex.js" "Mozilla/5.0 (X11; Linux x86_64) AppleWebKit/537.36 (KHTML, like Gecko) HeadlessChrome/145.0.7632.6 Safari/537.36"
[2026-09-02T04:05:40.317Z]  "GET /src/ui/pokemonStats.js" "Mozilla/5.0 (X11; Linux x86_64) AppleWebKit/537.36 (KHTML, like Gecko) HeadlessChrome/145.0.7632.6 Safari/537.36"
[2026-09-02T04:05:40.320Z]  "GET /src/ui/settings.js" "Mozilla/5.0 (X11; Linux x86_64) AppleWebKit/537.36 (KHTML, like Gecko) HeadlessChrome/145.0.7632.6 Safari/537.36"
[2026-09-02T04:05:40.329Z]  "GET /src/ui/market.js" "Mozilla/5.0 (X11; Linux x86_64) AppleWebKit/537.36 (KHTML, like Gecko) HeadlessChrome/145.0.7632.6 Safari/537.36"
[2026-09-02T04:05:40.329Z]  "GET /src/ui/backpack/index.js" "Mozilla/5.0 (X11; Linux x86_64) AppleWebKit/537.36 (KHTML, like Gecko) HeadlessChrome/145.0.7632.6 Safari/537.36"
[2026-09-02T04:05:40.330Z]  "GET /src/ui/backpack/pokemon.js" "Mozilla/5.0 (X11; Linux x86_64) AppleWebKit/537.36 (KHTML, like Gecko) HeadlessChrome/145.0.7632.6 Safari/537.36"
[2026-09-02T04:05:40.339Z]  "GET /src/ui/backpack/pokeballs.js" "Mozilla/5.0 (X11; Linux x86_64) AppleWebKit/537.36 (KHTML, like Gecko) HeadlessChrome/145.0.7632.6 Safari/537.36"
[2026-09-02T04:05:40.339Z]  "GET /src/ui/backpack/potions.js" "Mozilla/5.0 (X11; Linux x86_64) AppleWebKit/537.36 (KHTML, like Gecko) HeadlessChrome/145.0.7632.6 Safari/537.36"
[2026-09-02T04:05:40.340Z]  "GET /src/ui/backpack/stones.js" "Mozilla/5.0 (X11; Linux x86_64) AppleWebKit/537.36 (KHTML, like Gecko) HeadlessChrome/145.0.7632.6 Safari/537.36"
[2026-09-02T04:05:40.343Z]  "GET /src/ui/backpack/utils.js" "Mozilla/5.0 (X11; Linux x86_64) AppleWebKit/537.36 (KHTML, like Gecko) HeadlessChrome/145.0.7632.6 Safari/537.36"
[2026-09-02T04:06:45.717Z]  "GET /" "Mozilla/5.0 (X11; Linux x86_64) AppleWebKit/537.36 (KHTML, like Gecko) HeadlessChrome/145.0.7632.6 Safari/537.36"
[2026-09-02T04:06:45.728Z]  "GET /styles.css" "Mozilla/5.0 (X11; Linux x86_64) AppleWebKit/537.36 (KHTML, like Gecko) HeadlessChrome/145.0.7632.6 Safari/537.36"
[2026-09-02T04:06:45.731Z]  "GET /src/ui.js" "Mozilla/5.0 (X11; Linux x86_64) AppleWebKit/537.36 (KHTML, like Gecko) HeadlessChrome/145.0.7632.6 Safari/537.36"
[2026-09-02T04:06:45.731Z]  "GET /Assets/Extra/Logo.jpg" "Mozilla/5.0 (X11; Linux x86_64) AppleWebKit/537.36 (KHTML, like Gecko) HeadlessChrome/145.0.7632.6 Safari/537.36"
[2026-09-02T04:06:45.735Z]  "GET /Assets/Pokemon%20Sprites/1.png" "Mozilla/5.0 (X11; Linux x86_64) AppleWebKit/537.36 (KHTML, like Gecko) HeadlessChrome/145.0.7632.6 Safari/537.36"
[2026-09-02T04:06:45.736Z]  "GET /Assets/Pokemon%20Sprites/4.png" "Mozilla/5.0 (X11; Linux x86_64) AppleWebKit/537.36 (KHTML, like Gecko) HeadlessChrome/145.0.7632.6 Safari/537.36"
[2026-09-02T04:06:45.737Z]  "GET /Assets/Pokemon%20Sprites/7.png" "Mozilla/5.0 (X11; Linux x86_64) AppleWebKit/537.36 (KHTML, like Gecko) HeadlessChrome/145.0.7632.6 Safari/537.36"
[2026-09-02T04:06:45.749Z]  "GET /src/mathEngine.js" "Mozilla/5.0 (X11; Linux x86_64) AppleWebKit/537.36 (KHTML, like Gecko) HeadlessChrome/145.0.7632.6 Safari/537.36"
[2026-09-02T04:06:45.751Z]  "GET /src/battleSystem.js" "Mozilla/5.0 (X11; Linux x86_64) AppleWebKit/537.36 (KHTML, like Gecko) HeadlessChrome/145.0.7632.6 Safari/537.36"
[2026-09-02T04:06:45.752Z]  "GET /src/dayCare.js" "Mozilla/5.0 (X11; Linux x86_64) AppleWebKit/537.36 (KHTML, like Gecko) HeadlessChrome/145.0.7632.6 Safari/537.36"
[2026-09-02T04:06:45.752Z]  "GET /src/storage.js" "Mozilla/5.0 (X11; Linux x86_64) AppleWebKit/537.36 (KHTML, like Gecko) HeadlessChrome/145.0.7632.6 Safari/537.36"
[2026-09-02T04:06:45.752Z]  "GET /src/state.js" "Mozilla/5.0 (X11; Linux x86_64) AppleWebKit/537.36 (KHTML, like Gecko) HeadlessChrome/145.0.7632.6 Safari/537.36"
[2026-09-02T04:06:45.757Z]  "GET /src/ui/topbar.js" "Mozilla/5.0 (X11; Linux x86_64) AppleWebKit/537.36 (KHTML, like Gecko) HeadlessChrome/145.0.7632.6 Safari/537.36"
[2026-09-02T04:06:45.759Z]  "GET /src/ui/sidebar.js" "Mozilla/5.0 (X11; Linux x86_64) AppleWebKit/537.36 (KHTML, like Gecko) HeadlessChrome/145.0.7632.6 Safari/537.36"
[2026-09-02T04:06:45.760Z]  "GET /src/ui/battle.js" "Mozilla/5.0 (X11; Linux x86_64) AppleWebKit/537.36 (KHTML, like Gecko) HeadlessChrome/145.0.7632.6 Safari/537.36"
[2026-09-02T04:06:45.762Z]  "GET /src/ui/map.js" "Mozilla/5.0 (X11; Linux x86_64) AppleWebKit/537.36 (KHTML, like Gecko) HeadlessChrome/145.0.7632.6 Safari/537.36"
[2026-09-02T04:06:45.762Z]  "GET /src/ui/pokedex.js" "Mozilla/5.0 (X11; Linux x86_64) AppleWebKit/537.36 (KHTML, like Gecko) HeadlessChrome/145.0.7632.6 Safari/537.36"
[2026-09-02T04:06:45.763Z]  "GET /src/ui/pokemonStats.js" "Mozilla/5.0 (X11; Linux x86_64) AppleWebKit/537.36 (KHTML, like Gecko) HeadlessChrome/145.0.7632.6 Safari/537.36"
[2026-09-02T04:06:45.765Z]  "GET /src/ui/settings.js" "Mozilla/5.0 (X11; Linux x86_64) AppleWebKit/537.36 (KHTML, like Gecko) HeadlessChrome/145.0.7632.6 Safari/537.36"
[2026-09-02T04:06:45.770Z]  "GET /src/ui/market.js" "Mozilla/5.0 (X11; Linux x86_64) AppleWebKit/537.36 (KHTML, like Gecko) HeadlessChrome/145.0.7632.6 Safari/537.36"
[2026-09-02T04:06:45.771Z]  "GET /src/ui/backpack/index.js" "Mozilla/5.0 (X11; Linux x86_64) AppleWebKit/537.36 (KHTML, like Gecko) HeadlessChrome/145.0.7632.6 Safari/537.36"
[2026-09-02T04:06:45.771Z]  "GET /src/ui/backpack/pokemon.js" "Mozilla/5.0 (X11; Linux x86_64) AppleWebKit/537.36 (KHTML, like Gecko) HeadlessChrome/145.0.7632.6 Safari/537.36"
[2026-09-02T04:06:45.782Z]  "GET /src/ui/backpack/pokeballs.js" "Mozilla/5.0 (X11; Linux x86_64) AppleWebKit/537.36 (KHTML, like Gecko) HeadlessChrome/145.0.7632.6 Safari/537.36"
[2026-09-02T04:06:45.783Z]  "GET /src/ui/backpack/potions.js" "Mozilla/5.0 (X11; Linux x86_64) AppleWebKit/537.36 (KHTML, like Gecko) HeadlessChrome/145.0.7632.6 Safari/537.36"
[2026-09-02T04:06:45.784Z]  "GET /src/ui/backpack/stones.js" "Mozilla/5.0 (X11; Linux x86_64) AppleWebKit/537.36 (KHTML, like Gecko) HeadlessChrome/145.0.7632.6 Safari/537.36"
[2026-09-02T04:06:45.786Z]  "GET /src/ui/backpack/utils.js" "Mozilla/5.0 (X11; Linux x86_64) AppleWebKit/537.36 (KHTML, like Gecko) HeadlessChrome/145.0.7632.6 Safari/537.36"
[2026-09-02T04:07:18.255Z]  "GET /" "Mozilla/5.0 (X11; Linux x86_64) AppleWebKit/537.36 (KHTML, like Gecko) HeadlessChrome/145.0.7632.6 Safari/537.36"
[2026-09-02T04:07:18.265Z]  "GET /styles.css" "Mozilla/5.0 (X11; Linux x86_64) AppleWebKit/537.36 (KHTML, like Gecko) HeadlessChrome/145.0.7632.6 Safari/537.36"
[2026-09-02T04:07:18.272Z]  "GET /src/ui.js" "Mozilla/5.0 (X11; Linux x86_64) AppleWebKit/537.36 (KHTML, like Gecko) HeadlessChrome/145.0.7632.6 Safari/537.36"
[2026-09-02T04:07:18.274Z]  "GET /Assets/Extra/Logo.jpg" "Mozilla/5.0 (X11; Linux x86_64) AppleWebKit/537.36 (KHTML, like Gecko) HeadlessChrome/145.0.7632.6 Safari/537.36"
[2026-09-02T04:07:18.275Z]  "GET /Assets/Pokemon%20Sprites/1.png" "Mozilla/5.0 (X11; Linux x86_64) AppleWebKit/537.36 (KHTML, like Gecko) HeadlessChrome/145.0.7632.6 Safari/537.36"
[2026-09-02T04:07:18.276Z]  "GET /Assets/Pokemon%20Sprites/4.png" "Mozilla/5.0 (X11; Linux x86_64) AppleWebKit/537.36 (KHTML, like Gecko) HeadlessChrome/145.0.7632.6 Safari/537.36"
[2026-09-02T04:07:18.277Z]  "GET /Assets/Pokemon%20Sprites/7.png" "Mozilla/5.0 (X11; Linux x86_64) AppleWebKit/537.36 (KHTML, like Gecko) HeadlessChrome/145.0.7632.6 Safari/537.36"
[2026-09-02T04:07:18.308Z]  "GET /src/mathEngine.js" "Mozilla/5.0 (X11; Linux x86_64) AppleWebKit/537.36 (KHTML, like Gecko) HeadlessChrome/145.0.7632.6 Safari/537.36"
[2026-09-02T04:07:18.308Z]  "GET /src/battleSystem.js" "Mozilla/5.0 (X11; Linux x86_64) AppleWebKit/537.36 (KHTML, like Gecko) HeadlessChrome/145.0.7632.6 Safari/537.36"
[2026-09-02T04:07:18.309Z]  "GET /src/dayCare.js" "Mozilla/5.0 (X11; Linux x86_64) AppleWebKit/537.36 (KHTML, like Gecko) HeadlessChrome/145.0.7632.6 Safari/537.36"
[2026-09-02T04:07:18.310Z]  "GET /src/storage.js" "Mozilla/5.0 (X11; Linux x86_64) AppleWebKit/537.36 (KHTML, like Gecko) HeadlessChrome/145.0.7632.6 Safari/537.36"
[2026-09-02T04:07:18.310Z]  "GET /src/state.js" "Mozilla/5.0 (X11; Linux x86_64) AppleWebKit/537.36 (KHTML, like Gecko) HeadlessChrome/145.0.7632.6 Safari/537.36"
[2026-09-02T04:07:18.311Z]  "GET /src/ui/topbar.js" "Mozilla/5.0 (X11; Linux x86_64) AppleWebKit/537.36 (KHTML, like Gecko) HeadlessChrome/145.0.7632.6 Safari/537.36"
[2026-09-02T04:07:18.317Z]  "GET /src/ui/sidebar.js" "Mozilla/5.0 (X11; Linux x86_64) AppleWebKit/537.36 (KHTML, like Gecko) HeadlessChrome/145.0.7632.6 Safari/537.36"
[2026-09-02T04:07:18.317Z]  "GET /src/ui/battle.js" "Mozilla/5.0 (X11; Linux x86_64) AppleWebKit/537.36 (KHTML, like Gecko) HeadlessChrome/145.0.7632.6 Safari/537.36"
[2026-09-02T04:07:18.318Z]  "GET /src/ui/map.js" "Mozilla/5.0 (X11; Linux x86_64) AppleWebKit/537.36 (KHTML, like Gecko) HeadlessChrome/145.0.7632.6 Safari/537.36"
[2026-09-02T04:07:18.318Z]  "GET /src/ui/pokedex.js" "Mozilla/5.0 (X11; Linux x86_64) AppleWebKit/537.36 (KHTML, like Gecko) HeadlessChrome/145.0.7632.6 Safari/537.36"
[2026-09-02T04:07:18.321Z]  "GET /src/ui/pokemonStats.js" "Mozilla/5.0 (X11; Linux x86_64) AppleWebKit/537.36 (KHTML, like Gecko) HeadlessChrome/145.0.7632.6 Safari/537.36"
[2026-09-02T04:07:18.322Z]  "GET /src/ui/settings.js" "Mozilla/5.0 (X11; Linux x86_64) AppleWebKit/537.36 (KHTML, like Gecko) HeadlessChrome/145.0.7632.6 Safari/537.36"
[2026-09-02T04:07:18.325Z]  "GET /src/ui/market.js" "Mozilla/5.0 (X11; Linux x86_64) AppleWebKit/537.36 (KHTML, like Gecko) HeadlessChrome/145.0.7632.6 Safari/537.36"
[2026-09-02T04:07:18.325Z]  "GET /src/ui/backpack/index.js" "Mozilla/5.0 (X11; Linux x86_64) AppleWebKit/537.36 (KHTML, like Gecko) HeadlessChrome/145.0.7632.6 Safari/537.36"
[2026-09-02T04:07:18.326Z]  "GET /src/ui/backpack/pokemon.js" "Mozilla/5.0 (X11; Linux x86_64) AppleWebKit/537.36 (KHTML, like Gecko) HeadlessChrome/145.0.7632.6 Safari/537.36"
[2026-09-02T04:07:18.335Z]  "GET /src/ui/backpack/pokeballs.js" "Mozilla/5.0 (X11; Linux x86_64) AppleWebKit/537.36 (KHTML, like Gecko) HeadlessChrome/145.0.7632.6 Safari/537.36"
[2026-09-02T04:07:18.336Z]  "GET /src/ui/backpack/potions.js" "Mozilla/5.0 (X11; Linux x86_64) AppleWebKit/537.36 (KHTML, like Gecko) HeadlessChrome/145.0.7632.6 Safari/537.36"
[2026-09-02T04:07:18.339Z]  "GET /src/ui/backpack/stones.js" "Mozilla/5.0 (X11; Linux x86_64) AppleWebKit/537.36 (KHTML, like Gecko) HeadlessChrome/145.0.7632.6 Safari/537.36"
[2026-09-02T04:07:18.340Z]  "GET /src/ui/backpack/utils.js" "Mozilla/5.0 (X11; Linux x86_64) AppleWebKit/537.36 (KHTML, like Gecko) HeadlessChrome/145.0.7632.6 Safari/537.36"
[2026-09-02T04:07:41.177Z]  "GET /" "Mozilla/5.0 (X11; Linux x86_64) AppleWebKit/537.36 (KHTML, like Gecko) HeadlessChrome/145.0.7632.6 Safari/537.36"
[2026-09-02T04:07:41.186Z]  "GET /styles.css" "Mozilla/5.0 (X11; Linux x86_64) AppleWebKit/537.36 (KHTML, like Gecko) HeadlessChrome/145.0.7632.6 Safari/537.36"
[2026-09-02T04:07:41.197Z]  "GET /src/ui.js" "Mozilla/5.0 (X11; Linux x86_64) AppleWebKit/537.36 (KHTML, like Gecko) HeadlessChrome/145.0.7632.6 Safari/537.36"
[2026-09-02T04:07:41.197Z]  "GET /Assets/Extra/Logo.jpg" "Mozilla/5.0 (X11; Linux x86_64) AppleWebKit/537.36 (KHTML, like Gecko) HeadlessChrome/145.0.7632.6 Safari/537.36"
[2026-09-02T04:07:41.198Z]  "GET /Assets/Pokemon%20Sprites/1.png" "Mozilla/5.0 (X11; Linux x86_64) AppleWebKit/537.36 (KHTML, like Gecko) HeadlessChrome/145.0.7632.6 Safari/537.36"
[2026-09-02T04:07:41.198Z]  "GET /Assets/Pokemon%20Sprites/4.png" "Mozilla/5.0 (X11; Linux x86_64) AppleWebKit/537.36 (KHTML, like Gecko) HeadlessChrome/145.0.7632.6 Safari/537.36"
[2026-09-02T04:07:41.198Z]  "GET /Assets/Pokemon%20Sprites/7.png" "Mozilla/5.0 (X11; Linux x86_64) AppleWebKit/537.36 (KHTML, like Gecko) HeadlessChrome/145.0.7632.6 Safari/537.36"
[2026-09-02T04:07:41.210Z]  "GET /src/mathEngine.js" "Mozilla/5.0 (X11; Linux x86_64) AppleWebKit/537.36 (KHTML, like Gecko) HeadlessChrome/145.0.7632.6 Safari/537.36"
[2026-09-02T04:07:41.210Z]  "GET /src/battleSystem.js" "Mozilla/5.0 (X11; Linux x86_64) AppleWebKit/537.36 (KHTML, like Gecko) HeadlessChrome/145.0.7632.6 Safari/537.36"
[2026-09-02T04:07:41.210Z]  "GET /src/dayCare.js" "Mozilla/5.0 (X11; Linux x86_64) AppleWebKit/537.36 (KHTML, like Gecko) HeadlessChrome/145.0.7632.6 Safari/537.36"
[2026-09-02T04:07:41.211Z]  "GET /src/storage.js" "Mozilla/5.0 (X11; Linux x86_64) AppleWebKit/537.36 (KHTML, like Gecko) HeadlessChrome/145.0.7632.6 Safari/537.36"
[2026-09-02T04:07:41.211Z]  "GET /src/state.js" "Mozilla/5.0 (X11; Linux x86_64) AppleWebKit/537.36 (KHTML, like Gecko) HeadlessChrome/145.0.7632.6 Safari/537.36"
[2026-09-02T04:07:41.218Z]  "GET /src/ui/topbar.js" "Mozilla/5.0 (X11; Linux x86_64) AppleWebKit/537.36 (KHTML, like Gecko) HeadlessChrome/145.0.7632.6 Safari/537.36"
[2026-09-02T04:07:41.220Z]  "GET /src/ui/sidebar.js" "Mozilla/5.0 (X11; Linux x86_64) AppleWebKit/537.36 (KHTML, like Gecko) HeadlessChrome/145.0.7632.6 Safari/537.36"
[2026-09-02T04:07:41.220Z]  "GET /src/ui/battle.js" "Mozilla/5.0 (X11; Linux x86_64) AppleWebKit/537.36 (KHTML, like Gecko) HeadlessChrome/145.0.7632.6 Safari/537.36"
[2026-09-02T04:07:41.220Z]  "GET /src/ui/map.js" "Mozilla/5.0 (X11; Linux x86_64) AppleWebKit/537.36 (KHTML, like Gecko) HeadlessChrome/145.0.7632.6 Safari/537.36"
[2026-09-02T04:07:41.222Z]  "GET /src/ui/pokedex.js" "Mozilla/5.0 (X11; Linux x86_64) AppleWebKit/537.36 (KHTML, like Gecko) HeadlessChrome/145.0.7632.6 Safari/537.36"
[2026-09-02T04:07:41.223Z]  "GET /src/ui/pokemonStats.js" "Mozilla/5.0 (X11; Linux x86_64) AppleWebKit/537.36 (KHTML, like Gecko) HeadlessChrome/145.0.7632.6 Safari/537.36"
[2026-09-02T04:07:41.225Z]  "GET /src/ui/settings.js" "Mozilla/5.0 (X11; Linux x86_64) AppleWebKit/537.36 (KHTML, like Gecko) HeadlessChrome/145.0.7632.6 Safari/537.36"
[2026-09-02T04:07:41.226Z]  "GET /src/ui/market.js" "Mozilla/5.0 (X11; Linux x86_64) AppleWebKit/537.36 (KHTML, like Gecko) HeadlessChrome/145.0.7632.6 Safari/537.36"
[2026-09-02T04:07:41.226Z]  "GET /src/ui/backpack/index.js" "Mozilla/5.0 (X11; Linux x86_64) AppleWebKit/537.36 (KHTML, like Gecko) HeadlessChrome/145.0.7632.6 Safari/537.36"
[2026-09-02T04:07:41.228Z]  "GET /src/ui/backpack/pokemon.js" "Mozilla/5.0 (X11; Linux x86_64) AppleWebKit/537.36 (KHTML, like Gecko) HeadlessChrome/145.0.7632.6 Safari/537.36"
[2026-09-02T04:07:41.245Z]  "GET /src/ui/backpack/pokeballs.js" "Mozilla/5.0 (X11; Linux x86_64) AppleWebKit/537.36 (KHTML, like Gecko) HeadlessChrome/145.0.7632.6 Safari/537.36"
[2026-09-02T04:07:41.246Z]  "GET /src/ui/backpack/potions.js" "Mozilla/5.0 (X11; Linux x86_64) AppleWebKit/537.36 (KHTML, like Gecko) HeadlessChrome/145.0.7632.6 Safari/537.36"
[2026-09-02T04:07:41.246Z]  "GET /src/ui/backpack/stones.js" "Mozilla/5.0 (X11; Linux x86_64) AppleWebKit/537.36 (KHTML, like Gecko) HeadlessChrome/145.0.7632.6 Safari/537.36"
[2026-09-02T04:07:41.249Z]  "GET /src/ui/backpack/utils.js" "Mozilla/5.0 (X11; Linux x86_64) AppleWebKit/537.36 (KHTML, like Gecko) HeadlessChrome/145.0.7632.6 Safari/537.36"
[2026-09-02T04:08:03.023Z]  "GET /" "Mozilla/5.0 (X11; Linux x86_64) AppleWebKit/537.36 (KHTML, like Gecko) HeadlessChrome/145.0.7632.6 Safari/537.36"
[2026-09-02T04:08:03.032Z]  "GET /styles.css" "Mozilla/5.0 (X11; Linux x86_64) AppleWebKit/537.36 (KHTML, like Gecko) HeadlessChrome/145.0.7632.6 Safari/537.36"
[2026-09-02T04:08:03.036Z]  "GET /Assets/Extra/Logo.jpg" "Mozilla/5.0 (X11; Linux x86_64) AppleWebKit/537.36 (KHTML, like Gecko) HeadlessChrome/145.0.7632.6 Safari/537.36"
[2026-09-02T04:08:03.036Z]  "GET /Assets/Pokemon%20Sprites/1.png" "Mozilla/5.0 (X11; Linux x86_64) AppleWebKit/537.36 (KHTML, like Gecko) HeadlessChrome/145.0.7632.6 Safari/537.36"
[2026-09-02T04:08:03.038Z]  "GET /src/ui.js" "Mozilla/5.0 (X11; Linux x86_64) AppleWebKit/537.36 (KHTML, like Gecko) HeadlessChrome/145.0.7632.6 Safari/537.36"
[2026-09-02T04:08:03.046Z]  "GET /Assets/Pokemon%20Sprites/4.png" "Mozilla/5.0 (X11; Linux x86_64) AppleWebKit/537.36 (KHTML, like Gecko) HeadlessChrome/145.0.7632.6 Safari/537.36"
[2026-09-02T04:08:03.046Z]  "GET /Assets/Pokemon%20Sprites/7.png" "Mozilla/5.0 (X11; Linux x86_64) AppleWebKit/537.36 (KHTML, like Gecko) HeadlessChrome/145.0.7632.6 Safari/537.36"
[2026-09-02T04:08:03.056Z]  "GET /src/mathEngine.js" "Mozilla/5.0 (X11; Linux x86_64) AppleWebKit/537.36 (KHTML, like Gecko) HeadlessChrome/145.0.7632.6 Safari/537.36"
[2026-09-02T04:08:03.059Z]  "GET /src/battleSystem.js" "Mozilla/5.0 (X11; Linux x86_64) AppleWebKit/537.36 (KHTML, like Gecko) HeadlessChrome/145.0.7632.6 Safari/537.36"
[2026-09-02T04:08:03.059Z]  "GET /src/dayCare.js" "Mozilla/5.0 (X11; Linux x86_64) AppleWebKit/537.36 (KHTML, like Gecko) HeadlessChrome/145.0.7632.6 Safari/537.36"
[2026-09-02T04:08:03.060Z]  "GET /src/storage.js" "Mozilla/5.0 (X11; Linux x86_64) AppleWebKit/537.36 (KHTML, like Gecko) HeadlessChrome/145.0.7632.6 Safari/537.36"
[2026-09-02T04:08:03.060Z]  "GET /src/state.js" "Mozilla/5.0 (X11; Linux x86_64) AppleWebKit/537.36 (KHTML, like Gecko) HeadlessChrome/145.0.7632.6 Safari/537.36"
[2026-09-02T04:08:03.062Z]  "GET /src/ui/topbar.js" "Mozilla/5.0 (X11; Linux x86_64) AppleWebKit/537.36 (KHTML, like Gecko) HeadlessChrome/145.0.7632.6 Safari/537.36"
[2026-09-02T04:08:03.070Z]  "GET /src/ui/sidebar.js" "Mozilla/5.0 (X11; Linux x86_64) AppleWebKit/537.36 (KHTML, like Gecko) HeadlessChrome/145.0.7632.6 Safari/537.36"
[2026-09-02T04:08:03.070Z]  "GET /src/ui/battle.js" "Mozilla/5.0 (X11; Linux x86_64) AppleWebKit/537.36 (KHTML, like Gecko) HeadlessChrome/145.0.7632.6 Safari/537.36"
[2026-09-02T04:08:03.070Z]  "GET /src/ui/map.js" "Mozilla/5.0 (X11; Linux x86_64) AppleWebKit/537.36 (KHTML, like Gecko) HeadlessChrome/145.0.7632.6 Safari/537.36"
[2026-09-02T04:08:03.070Z]  "GET /src/ui/pokedex.js" "Mozilla/5.0 (X11; Linux x86_64) AppleWebKit/537.36 (KHTML, like Gecko) HeadlessChrome/145.0.7632.6 Safari/537.36"
[2026-09-02T04:08:03.072Z]  "GET /src/ui/pokemonStats.js" "Mozilla/5.0 (X11; Linux x86_64) AppleWebKit/537.36 (KHTML, like Gecko) HeadlessChrome/145.0.7632.6 Safari/537.36"
[2026-09-02T04:08:03.079Z]  "GET /src/ui/settings.js" "Mozilla/5.0 (X11; Linux x86_64) AppleWebKit/537.36 (KHTML, like Gecko) HeadlessChrome/145.0.7632.6 Safari/537.36"
[2026-09-02T04:08:03.081Z]  "GET /src/ui/market.js" "Mozilla/5.0 (X11; Linux x86_64) AppleWebKit/537.36 (KHTML, like Gecko) HeadlessChrome/145.0.7632.6 Safari/537.36"
[2026-09-02T04:08:03.081Z]  "GET /src/ui/backpack/index.js" "Mozilla/5.0 (X11; Linux x86_64) AppleWebKit/537.36 (KHTML, like Gecko) HeadlessChrome/145.0.7632.6 Safari/537.36"
[2026-09-02T04:08:03.082Z]  "GET /src/ui/backpack/pokemon.js" "Mozilla/5.0 (X11; Linux x86_64) AppleWebKit/537.36 (KHTML, like Gecko) HeadlessChrome/145.0.7632.6 Safari/537.36"
[2026-09-02T04:08:03.093Z]  "GET /src/ui/backpack/pokeballs.js" "Mozilla/5.0 (X11; Linux x86_64) AppleWebKit/537.36 (KHTML, like Gecko) HeadlessChrome/145.0.7632.6 Safari/537.36"
[2026-09-02T04:08:03.093Z]  "GET /src/ui/backpack/potions.js" "Mozilla/5.0 (X11; Linux x86_64) AppleWebKit/537.36 (KHTML, like Gecko) HeadlessChrome/145.0.7632.6 Safari/537.36"
[2026-09-02T04:08:03.093Z]  "GET /src/ui/backpack/stones.js" "Mozilla/5.0 (X11; Linux x86_64) AppleWebKit/537.36 (KHTML, like Gecko) HeadlessChrome/145.0.7632.6 Safari/537.36"
[2026-09-02T04:08:03.100Z]  "GET /src/ui/backpack/utils.js" "Mozilla/5.0 (X11; Linux x86_64) AppleWebKit/537.36 (KHTML, like Gecko) HeadlessChrome/145.0.7632.6 Safari/537.36"
[2026-09-02T04:08:36.656Z]  "GET /" "Mozilla/5.0 (X11; Linux x86_64) AppleWebKit/537.36 (KHTML, like Gecko) HeadlessChrome/145.0.7632.6 Safari/537.36"
[2026-09-02T04:08:36.666Z]  "GET /styles.css" "Mozilla/5.0 (X11; Linux x86_64) AppleWebKit/537.36 (KHTML, like Gecko) HeadlessChrome/145.0.7632.6 Safari/537.36"
[2026-09-02T04:08:36.673Z]  "GET /src/ui.js" "Mozilla/5.0 (X11; Linux x86_64) AppleWebKit/537.36 (KHTML, like Gecko) HeadlessChrome/145.0.7632.6 Safari/537.36"
[2026-09-02T04:08:36.676Z]  "GET /Assets/Extra/Logo.jpg" "Mozilla/5.0 (X11; Linux x86_64) AppleWebKit/537.36 (KHTML, like Gecko) HeadlessChrome/145.0.7632.6 Safari/537.36"
[2026-09-02T04:08:36.677Z]  "GET /Assets/Pokemon%20Sprites/1.png" "Mozilla/5.0 (X11; Linux x86_64) AppleWebKit/537.36 (KHTML, like Gecko) HeadlessChrome/145.0.7632.6 Safari/537.36"
[2026-09-02T04:08:36.677Z]  "GET /Assets/Pokemon%20Sprites/4.png" "Mozilla/5.0 (X11; Linux x86_64) AppleWebKit/537.36 (KHTML, like Gecko) HeadlessChrome/145.0.7632.6 Safari/537.36"
[2026-09-02T04:08:36.679Z]  "GET /Assets/Pokemon%20Sprites/7.png" "Mozilla/5.0 (X11; Linux x86_64) AppleWebKit/537.36 (KHTML, like Gecko) HeadlessChrome/145.0.7632.6 Safari/537.36"
[2026-09-02T04:08:36.680Z]  "GET /src/mathEngine.js" "Mozilla/5.0 (X11; Linux x86_64) AppleWebKit/537.36 (KHTML, like Gecko) HeadlessChrome/145.0.7632.6 Safari/537.36"
[2026-09-02T04:08:36.685Z]  "GET /src/battleSystem.js" "Mozilla/5.0 (X11; Linux x86_64) AppleWebKit/537.36 (KHTML, like Gecko) HeadlessChrome/145.0.7632.6 Safari/537.36"
[2026-09-02T04:08:36.687Z]  "GET /src/dayCare.js" "Mozilla/5.0 (X11; Linux x86_64) AppleWebKit/537.36 (KHTML, like Gecko) HeadlessChrome/145.0.7632.6 Safari/537.36"
[2026-09-02T04:08:36.687Z]  "GET /src/storage.js" "Mozilla/5.0 (X11; Linux x86_64) AppleWebKit/537.36 (KHTML, like Gecko) HeadlessChrome/145.0.7632.6 Safari/537.36"
[2026-09-02T04:08:36.688Z]  "GET /src/state.js" "Mozilla/5.0 (X11; Linux x86_64) AppleWebKit/537.36 (KHTML, like Gecko) HeadlessChrome/145.0.7632.6 Safari/537.36"
[2026-09-02T04:08:36.688Z]  "GET /src/ui/topbar.js" "Mozilla/5.0 (X11; Linux x86_64) AppleWebKit/537.36 (KHTML, like Gecko) HeadlessChrome/145.0.7632.6 Safari/537.36"
[2026-09-02T04:08:36.691Z]  "GET /src/ui/sidebar.js" "Mozilla/5.0 (X11; Linux x86_64) AppleWebKit/537.36 (KHTML, like Gecko) HeadlessChrome/145.0.7632.6 Safari/537.36"
[2026-09-02T04:08:36.694Z]  "GET /src/ui/battle.js" "Mozilla/5.0 (X11; Linux x86_64) AppleWebKit/537.36 (KHTML, like Gecko) HeadlessChrome/145.0.7632.6 Safari/537.36"
[2026-09-02T04:08:36.694Z]  "GET /src/ui/map.js" "Mozilla/5.0 (X11; Linux x86_64) AppleWebKit/537.36 (KHTML, like Gecko) HeadlessChrome/145.0.7632.6 Safari/537.36"
[2026-09-02T04:08:36.695Z]  "GET /src/ui/pokedex.js" "Mozilla/5.0 (X11; Linux x86_64) AppleWebKit/537.36 (KHTML, like Gecko) HeadlessChrome/145.0.7632.6 Safari/537.36"
[2026-09-02T04:08:36.698Z]  "GET /src/ui/pokemonStats.js" "Mozilla/5.0 (X11; Linux x86_64) AppleWebKit/537.36 (KHTML, like Gecko) HeadlessChrome/145.0.7632.6 Safari/537.36"
[2026-09-02T04:08:36.698Z]  "GET /src/ui/settings.js" "Mozilla/5.0 (X11; Linux x86_64) AppleWebKit/537.36 (KHTML, like Gecko) HeadlessChrome/145.0.7632.6 Safari/537.36"
[2026-09-02T04:08:36.702Z]  "GET /src/ui/market.js" "Mozilla/5.0 (X11; Linux x86_64) AppleWebKit/537.36 (KHTML, like Gecko) HeadlessChrome/145.0.7632.6 Safari/537.36"
[2026-09-02T04:08:36.702Z]  "GET /src/ui/backpack/index.js" "Mozilla/5.0 (X11; Linux x86_64) AppleWebKit/537.36 (KHTML, like Gecko) HeadlessChrome/145.0.7632.6 Safari/537.36"
[2026-09-02T04:08:36.703Z]  "GET /src/ui/backpack/pokemon.js" "Mozilla/5.0 (X11; Linux x86_64) AppleWebKit/537.36 (KHTML, like Gecko) HeadlessChrome/145.0.7632.6 Safari/537.36"
[2026-09-02T04:08:36.714Z]  "GET /src/ui/backpack/pokeballs.js" "Mozilla/5.0 (X11; Linux x86_64) AppleWebKit/537.36 (KHTML, like Gecko) HeadlessChrome/145.0.7632.6 Safari/537.36"
[2026-09-02T04:08:36.715Z]  "GET /src/ui/backpack/potions.js" "Mozilla/5.0 (X11; Linux x86_64) AppleWebKit/537.36 (KHTML, like Gecko) HeadlessChrome/145.0.7632.6 Safari/537.36"
[2026-09-02T04:08:36.715Z]  "GET /src/ui/backpack/stones.js" "Mozilla/5.0 (X11; Linux x86_64) AppleWebKit/537.36 (KHTML, like Gecko) HeadlessChrome/145.0.7632.6 Safari/537.36"
[2026-09-02T04:08:36.723Z]  "GET /src/ui/backpack/utils.js" "Mozilla/5.0 (X11; Linux x86_64) AppleWebKit/537.36 (KHTML, like Gecko) HeadlessChrome/145.0.7632.6 Safari/537.36"
[2026-09-02T04:09:44.972Z]  "GET /" "Mozilla/5.0 (X11; Linux x86_64) AppleWebKit/537.36 (KHTML, like Gecko) HeadlessChrome/145.0.7632.6 Safari/537.36"
[2026-09-02T04:09:44.984Z]  "GET /styles.css" "Mozilla/5.0 (X11; Linux x86_64) AppleWebKit/537.36 (KHTML, like Gecko) HeadlessChrome/145.0.7632.6 Safari/537.36"
[2026-09-02T04:09:44.984Z]  "GET /src/ui.js" "Mozilla/5.0 (X11; Linux x86_64) AppleWebKit/537.36 (KHTML, like Gecko) HeadlessChrome/145.0.7632.6 Safari/537.36"
[2026-09-02T04:09:44.985Z]  "GET /Assets/Extra/Logo.jpg" "Mozilla/5.0 (X11; Linux x86_64) AppleWebKit/537.36 (KHTML, like Gecko) HeadlessChrome/145.0.7632.6 Safari/537.36"
[2026-09-02T04:09:44.987Z]  "GET /Assets/Pokemon%20Sprites/1.png" "Mozilla/5.0 (X11; Linux x86_64) AppleWebKit/537.36 (KHTML, like Gecko) HeadlessChrome/145.0.7632.6 Safari/537.36"
[2026-09-02T04:09:44.995Z]  "GET /Assets/Pokemon%20Sprites/4.png" "Mozilla/5.0 (X11; Linux x86_64) AppleWebKit/537.36 (KHTML, like Gecko) HeadlessChrome/145.0.7632.6 Safari/537.36"
[2026-09-02T04:09:44.996Z]  "GET /Assets/Pokemon%20Sprites/7.png" "Mozilla/5.0 (X11; Linux x86_64) AppleWebKit/537.36 (KHTML, like Gecko) HeadlessChrome/145.0.7632.6 Safari/537.36"
[2026-09-02T04:09:45.005Z]  "GET /src/mathEngine.js" "Mozilla/5.0 (X11; Linux x86_64) AppleWebKit/537.36 (KHTML, like Gecko) HeadlessChrome/145.0.7632.6 Safari/537.36"
[2026-09-02T04:09:45.006Z]  "GET /src/battleSystem.js" "Mozilla/5.0 (X11; Linux x86_64) AppleWebKit/537.36 (KHTML, like Gecko) HeadlessChrome/145.0.7632.6 Safari/537.36"
[2026-09-02T04:09:45.007Z]  "GET /src/dayCare.js" "Mozilla/5.0 (X11; Linux x86_64) AppleWebKit/537.36 (KHTML, like Gecko) HeadlessChrome/145.0.7632.6 Safari/537.36"
[2026-09-02T04:09:45.007Z]  "GET /src/storage.js" "Mozilla/5.0 (X11; Linux x86_64) AppleWebKit/537.36 (KHTML, like Gecko) HeadlessChrome/145.0.7632.6 Safari/537.36"
[2026-09-02T04:09:45.009Z]  "GET /src/state.js" "Mozilla/5.0 (X11; Linux x86_64) AppleWebKit/537.36 (KHTML, like Gecko) HeadlessChrome/145.0.7632.6 Safari/537.36"
[2026-09-02T04:09:45.011Z]  "GET /src/ui/topbar.js" "Mozilla/5.0 (X11; Linux x86_64) AppleWebKit/537.36 (KHTML, like Gecko) HeadlessChrome/145.0.7632.6 Safari/537.36"
[2026-09-02T04:09:45.011Z]  "GET /src/ui/sidebar.js" "Mozilla/5.0 (X11; Linux x86_64) AppleWebKit/537.36 (KHTML, like Gecko) HeadlessChrome/145.0.7632.6 Safari/537.36"
[2026-09-02T04:09:45.014Z]  "GET /src/ui/battle.js" "Mozilla/5.0 (X11; Linux x86_64) AppleWebKit/537.36 (KHTML, like Gecko) HeadlessChrome/145.0.7632.6 Safari/537.36"
[2026-09-02T04:09:45.015Z]  "GET /src/ui/map.js" "Mozilla/5.0 (X11; Linux x86_64) AppleWebKit/537.36 (KHTML, like Gecko) HeadlessChrome/145.0.7632.6 Safari/537.36"
[2026-09-02T04:09:45.015Z]  "GET /src/ui/pokedex.js" "Mozilla/5.0 (X11; Linux x86_64) AppleWebKit/537.36 (KHTML, like Gecko) HeadlessChrome/145.0.7632.6 Safari/537.36"
[2026-09-02T04:09:45.018Z]  "GET /src/ui/pokemonStats.js" "Mozilla/5.0 (X11; Linux x86_64) AppleWebKit/537.36 (KHTML, like Gecko) HeadlessChrome/145.0.7632.6 Safari/537.36"
[2026-09-02T04:09:45.018Z]  "GET /src/ui/settings.js" "Mozilla/5.0 (X11; Linux x86_64) AppleWebKit/537.36 (KHTML, like Gecko) HeadlessChrome/145.0.7632.6 Safari/537.36"
[2026-09-02T04:09:45.021Z]  "GET /src/ui/market.js" "Mozilla/5.0 (X11; Linux x86_64) AppleWebKit/537.36 (KHTML, like Gecko) HeadlessChrome/145.0.7632.6 Safari/537.36"
[2026-09-02T04:09:45.022Z]  "GET /src/ui/backpack/index.js" "Mozilla/5.0 (X11; Linux x86_64) AppleWebKit/537.36 (KHTML, like Gecko) HeadlessChrome/145.0.7632.6 Safari/537.36"
[2026-09-02T04:09:45.023Z]  "GET /src/ui/backpack/pokemon.js" "Mozilla/5.0 (X11; Linux x86_64) AppleWebKit/537.36 (KHTML, like Gecko) HeadlessChrome/145.0.7632.6 Safari/537.36"
[2026-09-02T04:09:45.037Z]  "GET /src/ui/backpack/pokeballs.js" "Mozilla/5.0 (X11; Linux x86_64) AppleWebKit/537.36 (KHTML, like Gecko) HeadlessChrome/145.0.7632.6 Safari/537.36"
[2026-09-02T04:09:45.039Z]  "GET /src/ui/backpack/potions.js" "Mozilla/5.0 (X11; Linux x86_64) AppleWebKit/537.36 (KHTML, like Gecko) HeadlessChrome/145.0.7632.6 Safari/537.36"
[2026-09-02T04:09:45.039Z]  "GET /src/ui/backpack/stones.js" "Mozilla/5.0 (X11; Linux x86_64) AppleWebKit/537.36 (KHTML, like Gecko) HeadlessChrome/145.0.7632.6 Safari/537.36"
[2026-09-02T04:09:45.044Z]  "GET /src/ui/backpack/utils.js" "Mozilla/5.0 (X11; Linux x86_64) AppleWebKit/537.36 (KHTML, like Gecko) HeadlessChrome/145.0.7632.6 Safari/537.36"
[2026-09-02T04:10:08.191Z]  "GET /" "Mozilla/5.0 (X11; Linux x86_64) AppleWebKit/537.36 (KHTML, like Gecko) HeadlessChrome/145.0.7632.6 Safari/537.36"
[2026-09-02T04:10:08.199Z]  "GET /styles.css" "Mozilla/5.0 (X11; Linux x86_64) AppleWebKit/537.36 (KHTML, like Gecko) HeadlessChrome/145.0.7632.6 Safari/537.36"
[2026-09-02T04:10:08.204Z]  "GET /src/ui.js" "Mozilla/5.0 (X11; Linux x86_64) AppleWebKit/537.36 (KHTML, like Gecko) HeadlessChrome/145.0.7632.6 Safari/537.36"
[2026-09-02T04:10:08.204Z]  "GET /Assets/Extra/Logo.jpg" "Mozilla/5.0 (X11; Linux x86_64) AppleWebKit/537.36 (KHTML, like Gecko) HeadlessChrome/145.0.7632.6 Safari/537.36"
[2026-09-02T04:10:08.204Z]  "GET /Assets/Pokemon%20Sprites/1.png" "Mozilla/5.0 (X11; Linux x86_64) AppleWebKit/537.36 (KHTML, like Gecko) HeadlessChrome/145.0.7632.6 Safari/537.36"
[2026-09-02T04:10:08.207Z]  "GET /Assets/Pokemon%20Sprites/4.png" "Mozilla/5.0 (X11; Linux x86_64) AppleWebKit/537.36 (KHTML, like Gecko) HeadlessChrome/145.0.7632.6 Safari/537.36"
[2026-09-02T04:10:08.211Z]  "GET /Assets/Pokemon%20Sprites/7.png" "Mozilla/5.0 (X11; Linux x86_64) AppleWebKit/537.36 (KHTML, like Gecko) HeadlessChrome/145.0.7632.6 Safari/537.36"
[2026-09-02T04:10:08.236Z]  "GET /src/mathEngine.js" "Mozilla/5.0 (X11; Linux x86_64) AppleWebKit/537.36 (KHTML, like Gecko) HeadlessChrome/145.0.7632.6 Safari/537.36"
[2026-09-02T04:10:08.238Z]  "GET /src/battleSystem.js" "Mozilla/5.0 (X11; Linux x86_64) AppleWebKit/537.36 (KHTML, like Gecko) HeadlessChrome/145.0.7632.6 Safari/537.36"
[2026-09-02T04:10:08.240Z]  "GET /src/dayCare.js" "Mozilla/5.0 (X11; Linux x86_64) AppleWebKit/537.36 (KHTML, like Gecko) HeadlessChrome/145.0.7632.6 Safari/537.36"
[2026-09-02T04:10:08.241Z]  "GET /src/storage.js" "Mozilla/5.0 (X11; Linux x86_64) AppleWebKit/537.36 (KHTML, like Gecko) HeadlessChrome/145.0.7632.6 Safari/537.36"
[2026-09-02T04:10:08.241Z]  "GET /src/state.js" "Mozilla/5.0 (X11; Linux x86_64) AppleWebKit/537.36 (KHTML, like Gecko) HeadlessChrome/145.0.7632.6 Safari/537.36"
[2026-09-02T04:10:08.241Z]  "GET /src/ui/topbar.js" "Mozilla/5.0 (X11; Linux x86_64) AppleWebKit/537.36 (KHTML, like Gecko) HeadlessChrome/145.0.7632.6 Safari/537.36"
[2026-09-02T04:10:08.241Z]  "GET /src/ui/sidebar.js" "Mozilla/5.0 (X11; Linux x86_64) AppleWebKit/537.36 (KHTML, like Gecko) HeadlessChrome/145.0.7632.6 Safari/537.36"
[2026-09-02T04:10:08.242Z]  "GET /src/ui/battle.js" "Mozilla/5.0 (X11; Linux x86_64) AppleWebKit/537.36 (KHTML, like Gecko) HeadlessChrome/145.0.7632.6 Safari/537.36"
[2026-09-02T04:10:08.246Z]  "GET /src/ui/map.js" "Mozilla/5.0 (X11; Linux x86_64) AppleWebKit/537.36 (KHTML, like Gecko) HeadlessChrome/145.0.7632.6 Safari/537.36"
[2026-09-02T04:10:08.247Z]  "GET /src/ui/pokedex.js" "Mozilla/5.0 (X11; Linux x86_64) AppleWebKit/537.36 (KHTML, like Gecko) HeadlessChrome/145.0.7632.6 Safari/537.36"
[2026-09-02T04:10:08.247Z]  "GET /src/ui/pokemonStats.js" "Mozilla/5.0 (X11; Linux x86_64) AppleWebKit/537.36 (KHTML, like Gecko) HeadlessChrome/145.0.7632.6 Safari/537.36"
[2026-09-02T04:10:08.247Z]  "GET /src/ui/settings.js" "Mozilla/5.0 (X11; Linux x86_64) AppleWebKit/537.36 (KHTML, like Gecko) HeadlessChrome/145.0.7632.6 Safari/537.36"
[2026-09-02T04:10:08.248Z]  "GET /src/ui/market.js" "Mozilla/5.0 (X11; Linux x86_64) AppleWebKit/537.36 (KHTML, like Gecko) HeadlessChrome/145.0.7632.6 Safari/537.36"
[2026-09-02T04:10:08.248Z]  "GET /src/ui/backpack/index.js" "Mozilla/5.0 (X11; Linux x86_64) AppleWebKit/537.36 (KHTML, like Gecko) HeadlessChrome/145.0.7632.6 Safari/537.36"
[2026-09-02T04:10:08.252Z]  "GET /src/ui/backpack/pokemon.js" "Mozilla/5.0 (X11; Linux x86_64) AppleWebKit/537.36 (KHTML, like Gecko) HeadlessChrome/145.0.7632.6 Safari/537.36"
[2026-09-02T04:10:08.258Z]  "GET /src/ui/backpack/pokeballs.js" "Mozilla/5.0 (X11; Linux x86_64) AppleWebKit/537.36 (KHTML, like Gecko) HeadlessChrome/145.0.7632.6 Safari/537.36"
[2026-09-02T04:10:08.260Z]  "GET /src/ui/backpack/potions.js" "Mozilla/5.0 (X11; Linux x86_64) AppleWebKit/537.36 (KHTML, like Gecko) HeadlessChrome/145.0.7632.6 Safari/537.36"
[2026-09-02T04:10:08.261Z]  "GET /src/ui/backpack/stones.js" "Mozilla/5.0 (X11; Linux x86_64) AppleWebKit/537.36 (KHTML, like Gecko) HeadlessChrome/145.0.7632.6 Safari/537.36"
[2026-09-02T04:10:08.262Z]  "GET /src/ui/backpack/utils.js" "Mozilla/5.0 (X11; Linux x86_64) AppleWebKit/537.36 (KHTML, like Gecko) HeadlessChrome/145.0.7632.6 Safari/537.36"
[2026-09-02T04:10:35.390Z]  "GET /" "Mozilla/5.0 (X11; Linux x86_64) AppleWebKit/537.36 (KHTML, like Gecko) HeadlessChrome/145.0.7632.6 Safari/537.36"
[2026-09-02T04:10:35.400Z]  "GET /styles.css" "Mozilla/5.0 (X11; Linux x86_64) AppleWebKit/537.36 (KHTML, like Gecko) HeadlessChrome/145.0.7632.6 Safari/537.36"
[2026-09-02T04:10:35.407Z]  "GET /src/ui.js" "Mozilla/5.0 (X11; Linux x86_64) AppleWebKit/537.36 (KHTML, like Gecko) HeadlessChrome/145.0.7632.6 Safari/537.36"
[2026-09-02T04:10:35.407Z]  "GET /Assets/Extra/Logo.jpg" "Mozilla/5.0 (X11; Linux x86_64) AppleWebKit/537.36 (KHTML, like Gecko) HeadlessChrome/145.0.7632.6 Safari/537.36"
[2026-09-02T04:10:35.407Z]  "GET /Assets/Pokemon%20Sprites/1.png" "Mozilla/5.0 (X11; Linux x86_64) AppleWebKit/537.36 (KHTML, like Gecko) HeadlessChrome/145.0.7632.6 Safari/537.36"
[2026-09-02T04:10:35.408Z]  "GET /Assets/Pokemon%20Sprites/4.png" "Mozilla/5.0 (X11; Linux x86_64) AppleWebKit/537.36 (KHTML, like Gecko) HeadlessChrome/145.0.7632.6 Safari/537.36"
[2026-09-02T04:10:35.408Z]  "GET /Assets/Pokemon%20Sprites/7.png" "Mozilla/5.0 (X11; Linux x86_64) AppleWebKit/537.36 (KHTML, like Gecko) HeadlessChrome/145.0.7632.6 Safari/537.36"
[2026-09-02T04:10:35.439Z]  "GET /src/mathEngine.js" "Mozilla/5.0 (X11; Linux x86_64) AppleWebKit/537.36 (KHTML, like Gecko) HeadlessChrome/145.0.7632.6 Safari/537.36"
[2026-09-02T04:10:35.439Z]  "GET /src/battleSystem.js" "Mozilla/5.0 (X11; Linux x86_64) AppleWebKit/537.36 (KHTML, like Gecko) HeadlessChrome/145.0.7632.6 Safari/537.36"
[2026-09-02T04:10:35.440Z]  "GET /src/dayCare.js" "Mozilla/5.0 (X11; Linux x86_64) AppleWebKit/537.36 (KHTML, like Gecko) HeadlessChrome/145.0.7632.6 Safari/537.36"
[2026-09-02T04:10:35.441Z]  "GET /src/storage.js" "Mozilla/5.0 (X11; Linux x86_64) AppleWebKit/537.36 (KHTML, like Gecko) HeadlessChrome/145.0.7632.6 Safari/537.36"
[2026-09-02T04:10:35.445Z]  "GET /src/state.js" "Mozilla/5.0 (X11; Linux x86_64) AppleWebKit/537.36 (KHTML, like Gecko) HeadlessChrome/145.0.7632.6 Safari/537.36"
[2026-09-02T04:10:35.446Z]  "GET /src/ui/topbar.js" "Mozilla/5.0 (X11; Linux x86_64) AppleWebKit/537.36 (KHTML, like Gecko) HeadlessChrome/145.0.7632.6 Safari/537.36"
[2026-09-02T04:10:35.453Z]  "GET /src/ui/sidebar.js" "Mozilla/5.0 (X11; Linux x86_64) AppleWebKit/537.36 (KHTML, like Gecko) HeadlessChrome/145.0.7632.6 Safari/537.36"
[2026-09-02T04:10:35.453Z]  "GET /src/ui/battle.js" "Mozilla/5.0 (X11; Linux x86_64) AppleWebKit/537.36 (KHTML, like Gecko) HeadlessChrome/145.0.7632.6 Safari/537.36"
[2026-09-02T04:10:35.454Z]  "GET /src/ui/map.js" "Mozilla/5.0 (X11; Linux x86_64) AppleWebKit/537.36 (KHTML, like Gecko) HeadlessChrome/145.0.7632.6 Safari/537.36"
[2026-09-02T04:10:35.456Z]  "GET /src/ui/pokedex.js" "Mozilla/5.0 (X11; Linux x86_64) AppleWebKit/537.36 (KHTML, like Gecko) HeadlessChrome/145.0.7632.6 Safari/537.36"
[2026-09-02T04:10:35.457Z]  "GET /src/ui/pokemonStats.js" "Mozilla/5.0 (X11; Linux x86_64) AppleWebKit/537.36 (KHTML, like Gecko) HeadlessChrome/145.0.7632.6 Safari/537.36"
[2026-09-02T04:10:35.458Z]  "GET /src/ui/settings.js" "Mozilla/5.0 (X11; Linux x86_64) AppleWebKit/537.36 (KHTML, like Gecko) HeadlessChrome/145.0.7632.6 Safari/537.36"
[2026-09-02T04:10:35.463Z]  "GET /src/ui/market.js" "Mozilla/5.0 (X11; Linux x86_64) AppleWebKit/537.36 (KHTML, like Gecko) HeadlessChrome/145.0.7632.6 Safari/537.36"
[2026-09-02T04:10:35.463Z]  "GET /src/ui/backpack/index.js" "Mozilla/5.0 (X11; Linux x86_64) AppleWebKit/537.36 (KHTML, like Gecko) HeadlessChrome/145.0.7632.6 Safari/537.36"
[2026-09-02T04:10:35.464Z]  "GET /src/ui/backpack/pokemon.js" "Mozilla/5.0 (X11; Linux x86_64) AppleWebKit/537.36 (KHTML, like Gecko) HeadlessChrome/145.0.7632.6 Safari/537.36"
[2026-09-02T04:10:35.471Z]  "GET /src/ui/backpack/pokeballs.js" "Mozilla/5.0 (X11; Linux x86_64) AppleWebKit/537.36 (KHTML, like Gecko) HeadlessChrome/145.0.7632.6 Safari/537.36"
[2026-09-02T04:10:35.472Z]  "GET /src/ui/backpack/potions.js" "Mozilla/5.0 (X11; Linux x86_64) AppleWebKit/537.36 (KHTML, like Gecko) HeadlessChrome/145.0.7632.6 Safari/537.36"
[2026-09-02T04:10:35.472Z]  "GET /src/ui/backpack/stones.js" "Mozilla/5.0 (X11; Linux x86_64) AppleWebKit/537.36 (KHTML, like Gecko) HeadlessChrome/145.0.7632.6 Safari/537.36"
[2026-09-02T04:10:35.475Z]  "GET /src/ui/backpack/utils.js" "Mozilla/5.0 (X11; Linux x86_64) AppleWebKit/537.36 (KHTML, like Gecko) HeadlessChrome/145.0.7632.6 Safari/537.36"
[2026-09-02T04:10:56.988Z]  "GET /" "Mozilla/5.0 (X11; Linux x86_64) AppleWebKit/537.36 (KHTML, like Gecko) HeadlessChrome/145.0.7632.6 Safari/537.36"
[2026-09-02T04:10:56.999Z]  "GET /styles.css" "Mozilla/5.0 (X11; Linux x86_64) AppleWebKit/537.36 (KHTML, like Gecko) HeadlessChrome/145.0.7632.6 Safari/537.36"
[2026-09-02T04:10:57.000Z]  "GET /src/ui.js" "Mozilla/5.0 (X11; Linux x86_64) AppleWebKit/537.36 (KHTML, like Gecko) HeadlessChrome/145.0.7632.6 Safari/537.36"
[2026-09-02T04:10:57.000Z]  "GET /Assets/Extra/Logo.jpg" "Mozilla/5.0 (X11; Linux x86_64) AppleWebKit/537.36 (KHTML, like Gecko) HeadlessChrome/145.0.7632.6 Safari/537.36"
[2026-09-02T04:10:57.001Z]  "GET /Assets/Pokemon%20Sprites/1.png" "Mozilla/5.0 (X11; Linux x86_64) AppleWebKit/537.36 (KHTML, like Gecko) HeadlessChrome/145.0.7632.6 Safari/537.36"
[2026-09-02T04:10:57.012Z]  "GET /Assets/Pokemon%20Sprites/4.png" "Mozilla/5.0 (X11; Linux x86_64) AppleWebKit/537.36 (KHTML, like Gecko) HeadlessChrome/145.0.7632.6 Safari/537.36"
[2026-09-02T04:10:57.013Z]  "GET /Assets/Pokemon%20Sprites/7.png" "Mozilla/5.0 (X11; Linux x86_64) AppleWebKit/537.36 (KHTML, like Gecko) HeadlessChrome/145.0.7632.6 Safari/537.36"
[2026-09-02T04:10:57.018Z]  "GET /src/mathEngine.js" "Mozilla/5.0 (X11; Linux x86_64) AppleWebKit/537.36 (KHTML, like Gecko) HeadlessChrome/145.0.7632.6 Safari/537.36"
[2026-09-02T04:10:57.019Z]  "GET /src/battleSystem.js" "Mozilla/5.0 (X11; Linux x86_64) AppleWebKit/537.36 (KHTML, like Gecko) HeadlessChrome/145.0.7632.6 Safari/537.36"
[2026-09-02T04:10:57.019Z]  "GET /src/dayCare.js" "Mozilla/5.0 (X11; Linux x86_64) AppleWebKit/537.36 (KHTML, like Gecko) HeadlessChrome/145.0.7632.6 Safari/537.36"
[2026-09-02T04:10:57.020Z]  "GET /src/storage.js" "Mozilla/5.0 (X11; Linux x86_64) AppleWebKit/537.36 (KHTML, like Gecko) HeadlessChrome/145.0.7632.6 Safari/537.36"
[2026-09-02T04:10:57.021Z]  "GET /src/state.js" "Mozilla/5.0 (X11; Linux x86_64) AppleWebKit/537.36 (KHTML, like Gecko) HeadlessChrome/145.0.7632.6 Safari/537.36"
[2026-09-02T04:10:57.026Z]  "GET /src/ui/topbar.js" "Mozilla/5.0 (X11; Linux x86_64) AppleWebKit/537.36 (KHTML, like Gecko) HeadlessChrome/145.0.7632.6 Safari/537.36"
[2026-09-02T04:10:57.027Z]  "GET /src/ui/sidebar.js" "Mozilla/5.0 (X11; Linux x86_64) AppleWebKit/537.36 (KHTML, like Gecko) HeadlessChrome/145.0.7632.6 Safari/537.36"
[2026-09-02T04:10:57.027Z]  "GET /src/ui/battle.js" "Mozilla/5.0 (X11; Linux x86_64) AppleWebKit/537.36 (KHTML, like Gecko) HeadlessChrome/145.0.7632.6 Safari/537.36"
[2026-09-02T04:10:57.030Z]  "GET /src/ui/map.js" "Mozilla/5.0 (X11; Linux x86_64) AppleWebKit/537.36 (KHTML, like Gecko) HeadlessChrome/145.0.7632.6 Safari/537.36"
[2026-09-02T04:10:57.031Z]  "GET /src/ui/pokedex.js" "Mozilla/5.0 (X11; Linux x86_64) AppleWebKit/537.36 (KHTML, like Gecko) HeadlessChrome/145.0.7632.6 Safari/537.36"
[2026-09-02T04:10:57.032Z]  "GET /src/ui/pokemonStats.js" "Mozilla/5.0 (X11; Linux x86_64) AppleWebKit/537.36 (KHTML, like Gecko) HeadlessChrome/145.0.7632.6 Safari/537.36"
[2026-09-02T04:10:57.033Z]  "GET /src/ui/settings.js" "Mozilla/5.0 (X11; Linux x86_64) AppleWebKit/537.36 (KHTML, like Gecko) HeadlessChrome/145.0.7632.6 Safari/537.36"
[2026-09-02T04:10:57.034Z]  "GET /src/ui/market.js" "Mozilla/5.0 (X11; Linux x86_64) AppleWebKit/537.36 (KHTML, like Gecko) HeadlessChrome/145.0.7632.6 Safari/537.36"
[2026-09-02T04:10:57.037Z]  "GET /src/ui/backpack/index.js" "Mozilla/5.0 (X11; Linux x86_64) AppleWebKit/537.36 (KHTML, like Gecko) HeadlessChrome/145.0.7632.6 Safari/537.36"
[2026-09-02T04:10:57.038Z]  "GET /src/ui/backpack/pokemon.js" "Mozilla/5.0 (X11; Linux x86_64) AppleWebKit/537.36 (KHTML, like Gecko) HeadlessChrome/145.0.7632.6 Safari/537.36"
[2026-09-02T04:10:57.059Z]  "GET /src/ui/backpack/pokeballs.js" "Mozilla/5.0 (X11; Linux x86_64) AppleWebKit/537.36 (KHTML, like Gecko) HeadlessChrome/145.0.7632.6 Safari/537.36"
[2026-09-02T04:10:57.061Z]  "GET /src/ui/backpack/potions.js" "Mozilla/5.0 (X11; Linux x86_64) AppleWebKit/537.36 (KHTML, like Gecko) HeadlessChrome/145.0.7632.6 Safari/537.36"
[2026-09-02T04:10:57.061Z]  "GET /src/ui/backpack/stones.js" "Mozilla/5.0 (X11; Linux x86_64) AppleWebKit/537.36 (KHTML, like Gecko) HeadlessChrome/145.0.7632.6 Safari/537.36"
[2026-09-02T04:10:57.066Z]  "GET /src/ui/backpack/utils.js" "Mozilla/5.0 (X11; Linux x86_64) AppleWebKit/537.36 (KHTML, like Gecko) HeadlessChrome/145.0.7632.6 Safari/537.36"
[2026-09-02T04:12:05.613Z]  "GET /" "Mozilla/5.0 (X11; Linux x86_64) AppleWebKit/537.36 (KHTML, like Gecko) HeadlessChrome/145.0.7632.6 Safari/537.36"
[2026-09-02T04:12:05.625Z]  "GET /styles.css" "Mozilla/5.0 (X11; Linux x86_64) AppleWebKit/537.36 (KHTML, like Gecko) HeadlessChrome/145.0.7632.6 Safari/537.36"
[2026-09-02T04:12:05.633Z]  "GET /src/ui.js" "Mozilla/5.0 (X11; Linux x86_64) AppleWebKit/537.36 (KHTML, like Gecko) HeadlessChrome/145.0.7632.6 Safari/537.36"
[2026-09-02T04:12:05.633Z]  "GET /Assets/Extra/Logo.jpg" "Mozilla/5.0 (X11; Linux x86_64) AppleWebKit/537.36 (KHTML, like Gecko) HeadlessChrome/145.0.7632.6 Safari/537.36"
[2026-09-02T04:12:05.633Z]  "GET /Assets/Pokemon%20Sprites/1.png" "Mozilla/5.0 (X11; Linux x86_64) AppleWebKit/537.36 (KHTML, like Gecko) HeadlessChrome/145.0.7632.6 Safari/537.36"
[2026-09-02T04:12:05.634Z]  "GET /Assets/Pokemon%20Sprites/4.png" "Mozilla/5.0 (X11; Linux x86_64) AppleWebKit/537.36 (KHTML, like Gecko) HeadlessChrome/145.0.7632.6 Safari/537.36"
[2026-09-02T04:12:05.634Z]  "GET /Assets/Pokemon%20Sprites/7.png" "Mozilla/5.0 (X11; Linux x86_64) AppleWebKit/537.36 (KHTML, like Gecko) HeadlessChrome/145.0.7632.6 Safari/537.36"
[2026-09-02T04:12:05.661Z]  "GET /src/mathEngine.js" "Mozilla/5.0 (X11; Linux x86_64) AppleWebKit/537.36 (KHTML, like Gecko) HeadlessChrome/145.0.7632.6 Safari/537.36"
[2026-09-02T04:12:05.662Z]  "GET /src/battleSystem.js" "Mozilla/5.0 (X11; Linux x86_64) AppleWebKit/537.36 (KHTML, like Gecko) HeadlessChrome/145.0.7632.6 Safari/537.36"
[2026-09-02T04:12:05.662Z]  "GET /src/dayCare.js" "Mozilla/5.0 (X11; Linux x86_64) AppleWebKit/537.36 (KHTML, like Gecko) HeadlessChrome/145.0.7632.6 Safari/537.36"
[2026-09-02T04:12:05.663Z]  "GET /src/storage.js" "Mozilla/5.0 (X11; Linux x86_64) AppleWebKit/537.36 (KHTML, like Gecko) HeadlessChrome/145.0.7632.6 Safari/537.36"
[2026-09-02T04:12:05.663Z]  "GET /src/state.js" "Mozilla/5.0 (X11; Linux x86_64) AppleWebKit/537.36 (KHTML, like Gecko) HeadlessChrome/145.0.7632.6 Safari/537.36"
[2026-09-02T04:12:05.673Z]  "GET /src/ui/topbar.js" "Mozilla/5.0 (X11; Linux x86_64) AppleWebKit/537.36 (KHTML, like Gecko) HeadlessChrome/145.0.7632.6 Safari/537.36"
[2026-09-02T04:12:05.673Z]  "GET /src/ui/sidebar.js" "Mozilla/5.0 (X11; Linux x86_64) AppleWebKit/537.36 (KHTML, like Gecko) HeadlessChrome/145.0.7632.6 Safari/537.36"
[2026-09-02T04:12:05.678Z]  "GET /src/ui/battle.js" "Mozilla/5.0 (X11; Linux x86_64) AppleWebKit/537.36 (KHTML, like Gecko) HeadlessChrome/145.0.7632.6 Safari/537.36"
[2026-09-02T04:12:05.679Z]  "GET /src/ui/pokedex.js" "Mozilla/5.0 (X11; Linux x86_64) AppleWebKit/537.36 (KHTML, like Gecko) HeadlessChrome/145.0.7632.6 Safari/537.36"
[2026-09-02T04:12:05.679Z]  "GET /src/ui/pokemonStats.js" "Mozilla/5.0 (X11; Linux x86_64) AppleWebKit/537.36 (KHTML, like Gecko) HeadlessChrome/145.0.7632.6 Safari/537.36"
[2026-09-02T04:12:05.681Z]  "GET /src/ui/map.js" "Mozilla/5.0 (X11; Linux x86_64) AppleWebKit/537.36 (KHTML, like Gecko) HeadlessChrome/145.0.7632.6 Safari/537.36"
[2026-09-02T04:12:05.692Z]  "GET /src/ui/settings.js" "Mozilla/5.0 (X11; Linux x86_64) AppleWebKit/537.36 (KHTML, like Gecko) HeadlessChrome/145.0.7632.6 Safari/537.36"
[2026-09-02T04:12:05.692Z]  "GET /src/ui/market.js" "Mozilla/5.0 (X11; Linux x86_64) AppleWebKit/537.36 (KHTML, like Gecko) HeadlessChrome/145.0.7632.6 Safari/537.36"
[2026-09-02T04:12:05.693Z]  "GET /src/ui/backpack/index.js" "Mozilla/5.0 (X11; Linux x86_64) AppleWebKit/537.36 (KHTML, like Gecko) HeadlessChrome/145.0.7632.6 Safari/537.36"
[2026-09-02T04:12:05.693Z]  "GET /src/ui/backpack/pokemon.js" "Mozilla/5.0 (X11; Linux x86_64) AppleWebKit/537.36 (KHTML, like Gecko) HeadlessChrome/145.0.7632.6 Safari/537.36"
[2026-09-02T04:12:05.701Z]  "GET /src/ui/backpack/pokeballs.js" "Mozilla/5.0 (X11; Linux x86_64) AppleWebKit/537.36 (KHTML, like Gecko) HeadlessChrome/145.0.7632.6 Safari/537.36"
[2026-09-02T04:12:05.703Z]  "GET /src/ui/backpack/potions.js" "Mozilla/5.0 (X11; Linux x86_64) AppleWebKit/537.36 (KHTML, like Gecko) HeadlessChrome/145.0.7632.6 Safari/537.36"
[2026-09-02T04:12:05.704Z]  "GET /src/ui/backpack/stones.js" "Mozilla/5.0 (X11; Linux x86_64) AppleWebKit/537.36 (KHTML, like Gecko) HeadlessChrome/145.0.7632.6 Safari/537.36"
[2026-09-02T04:12:05.707Z]  "GET /src/ui/backpack/utils.js" "Mozilla/5.0 (X11; Linux x86_64) AppleWebKit/537.36 (KHTML, like Gecko) HeadlessChrome/145.0.7632.6 Safari/537.36"
[2026-09-02T04:12:27.900Z]  "GET /" "Mozilla/5.0 (X11; Linux x86_64) AppleWebKit/537.36 (KHTML, like Gecko) HeadlessChrome/145.0.7632.6 Safari/537.36"
[2026-09-02T04:12:27.918Z]  "GET /styles.css" "Mozilla/5.0 (X11; Linux x86_64) AppleWebKit/537.36 (KHTML, like Gecko) HeadlessChrome/145.0.7632.6 Safari/537.36"
[2026-09-02T04:12:27.918Z]  "GET /src/ui.js" "Mozilla/5.0 (X11; Linux x86_64) AppleWebKit/537.36 (KHTML, like Gecko) HeadlessChrome/145.0.7632.6 Safari/537.36"
[2026-09-02T04:12:27.919Z]  "GET /Assets/Extra/Logo.jpg" "Mozilla/5.0 (X11; Linux x86_64) AppleWebKit/537.36 (KHTML, like Gecko) HeadlessChrome/145.0.7632.6 Safari/537.36"
[2026-09-02T04:12:27.920Z]  "GET /Assets/Pokemon%20Sprites/1.png" "Mozilla/5.0 (X11; Linux x86_64) AppleWebKit/537.36 (KHTML, like Gecko) HeadlessChrome/145.0.7632.6 Safari/537.36"
[2026-09-02T04:12:27.927Z]  "GET /Assets/Pokemon%20Sprites/4.png" "Mozilla/5.0 (X11; Linux x86_64) AppleWebKit/537.36 (KHTML, like Gecko) HeadlessChrome/145.0.7632.6 Safari/537.36"
[2026-09-02T04:12:27.928Z]  "GET /Assets/Pokemon%20Sprites/7.png" "Mozilla/5.0 (X11; Linux x86_64) AppleWebKit/537.36 (KHTML, like Gecko) HeadlessChrome/145.0.7632.6 Safari/537.36"
[2026-09-02T04:12:27.949Z]  "GET /src/mathEngine.js" "Mozilla/5.0 (X11; Linux x86_64) AppleWebKit/537.36 (KHTML, like Gecko) HeadlessChrome/145.0.7632.6 Safari/537.36"
[2026-09-02T04:12:27.952Z]  "GET /src/battleSystem.js" "Mozilla/5.0 (X11; Linux x86_64) AppleWebKit/537.36 (KHTML, like Gecko) HeadlessChrome/145.0.7632.6 Safari/537.36"
[2026-09-02T04:12:27.954Z]  "GET /src/dayCare.js" "Mozilla/5.0 (X11; Linux x86_64) AppleWebKit/537.36 (KHTML, like Gecko) HeadlessChrome/145.0.7632.6 Safari/537.36"
[2026-09-02T04:12:27.957Z]  "GET /src/storage.js" "Mozilla/5.0 (X11; Linux x86_64) AppleWebKit/537.36 (KHTML, like Gecko) HeadlessChrome/145.0.7632.6 Safari/537.36"
[2026-09-02T04:12:27.957Z]  "GET /src/state.js" "Mozilla/5.0 (X11; Linux x86_64) AppleWebKit/537.36 (KHTML, like Gecko) HeadlessChrome/145.0.7632.6 Safari/537.36"
[2026-09-02T04:12:27.958Z]  "GET /src/ui/topbar.js" "Mozilla/5.0 (X11; Linux x86_64) AppleWebKit/537.36 (KHTML, like Gecko) HeadlessChrome/145.0.7632.6 Safari/537.36"
[2026-09-02T04:12:27.960Z]  "GET /src/ui/sidebar.js" "Mozilla/5.0 (X11; Linux x86_64) AppleWebKit/537.36 (KHTML, like Gecko) HeadlessChrome/145.0.7632.6 Safari/537.36"
[2026-09-02T04:12:27.962Z]  "GET /src/ui/battle.js" "Mozilla/5.0 (X11; Linux x86_64) AppleWebKit/537.36 (KHTML, like Gecko) HeadlessChrome/145.0.7632.6 Safari/537.36"
[2026-09-02T04:12:27.962Z]  "GET /src/ui/map.js" "Mozilla/5.0 (X11; Linux x86_64) AppleWebKit/537.36 (KHTML, like Gecko) HeadlessChrome/145.0.7632.6 Safari/537.36"
[2026-09-02T04:12:27.964Z]  "GET /src/ui/pokedex.js" "Mozilla/5.0 (X11; Linux x86_64) AppleWebKit/537.36 (KHTML, like Gecko) HeadlessChrome/145.0.7632.6 Safari/537.36"
[2026-09-02T04:12:27.964Z]  "GET /src/ui/pokemonStats.js" "Mozilla/5.0 (X11; Linux x86_64) AppleWebKit/537.36 (KHTML, like Gecko) HeadlessChrome/145.0.7632.6 Safari/537.36"
[2026-09-02T04:12:27.972Z]  "GET /src/ui/settings.js" "Mozilla/5.0 (X11; Linux x86_64) AppleWebKit/537.36 (KHTML, like Gecko) HeadlessChrome/145.0.7632.6 Safari/537.36"
[2026-09-02T04:12:27.974Z]  "GET /src/ui/market.js" "Mozilla/5.0 (X11; Linux x86_64) AppleWebKit/537.36 (KHTML, like Gecko) HeadlessChrome/145.0.7632.6 Safari/537.36"
[2026-09-02T04:12:27.974Z]  "GET /src/ui/backpack/index.js" "Mozilla/5.0 (X11; Linux x86_64) AppleWebKit/537.36 (KHTML, like Gecko) HeadlessChrome/145.0.7632.6 Safari/537.36"
[2026-09-02T04:12:27.974Z]  "GET /src/ui/backpack/pokemon.js" "Mozilla/5.0 (X11; Linux x86_64) AppleWebKit/537.36 (KHTML, like Gecko) HeadlessChrome/145.0.7632.6 Safari/537.36"
[2026-09-02T04:12:27.983Z]  "GET /src/ui/backpack/pokeballs.js" "Mozilla/5.0 (X11; Linux x86_64) AppleWebKit/537.36 (KHTML, like Gecko) HeadlessChrome/145.0.7632.6 Safari/537.36"
[2026-09-02T04:12:27.983Z]  "GET /src/ui/backpack/potions.js" "Mozilla/5.0 (X11; Linux x86_64) AppleWebKit/537.36 (KHTML, like Gecko) HeadlessChrome/145.0.7632.6 Safari/537.36"
[2026-09-02T04:12:27.984Z]  "GET /src/ui/backpack/stones.js" "Mozilla/5.0 (X11; Linux x86_64) AppleWebKit/537.36 (KHTML, like Gecko) HeadlessChrome/145.0.7632.6 Safari/537.36"
[2026-09-02T04:12:27.989Z]  "GET /src/ui/backpack/utils.js" "Mozilla/5.0 (X11; Linux x86_64) AppleWebKit/537.36 (KHTML, like Gecko) HeadlessChrome/145.0.7632.6 Safari/537.36"
[2026-09-02T04:12:52.089Z]  "GET /" "Mozilla/5.0 (X11; Linux x86_64) AppleWebKit/537.36 (KHTML, like Gecko) HeadlessChrome/145.0.7632.6 Safari/537.36"
[2026-09-02T04:12:52.097Z]  "GET /styles.css" "Mozilla/5.0 (X11; Linux x86_64) AppleWebKit/537.36 (KHTML, like Gecko) HeadlessChrome/145.0.7632.6 Safari/537.36"
[2026-09-02T04:12:52.102Z]  "GET /src/ui.js" "Mozilla/5.0 (X11; Linux x86_64) AppleWebKit/537.36 (KHTML, like Gecko) HeadlessChrome/145.0.7632.6 Safari/537.36"
[2026-09-02T04:12:52.103Z]  "GET /Assets/Extra/Logo.jpg" "Mozilla/5.0 (X11; Linux x86_64) AppleWebKit/537.36 (KHTML, like Gecko) HeadlessChrome/145.0.7632.6 Safari/537.36"
[2026-09-02T04:12:52.103Z]  "GET /Assets/Pokemon%20Sprites/1.png" "Mozilla/5.0 (X11; Linux x86_64) AppleWebKit/537.36 (KHTML, like Gecko) HeadlessChrome/145.0.7632.6 Safari/537.36"
[2026-09-02T04:12:52.107Z]  "GET /Assets/Pokemon%20Sprites/4.png" "Mozilla/5.0 (X11; Linux x86_64) AppleWebKit/537.36 (KHTML, like Gecko) HeadlessChrome/145.0.7632.6 Safari/537.36"
[2026-09-02T04:12:52.109Z]  "GET /Assets/Pokemon%20Sprites/7.png" "Mozilla/5.0 (X11; Linux x86_64) AppleWebKit/537.36 (KHTML, like Gecko) HeadlessChrome/145.0.7632.6 Safari/537.36"
[2026-09-02T04:12:52.111Z]  "GET /src/mathEngine.js" "Mozilla/5.0 (X11; Linux x86_64) AppleWebKit/537.36 (KHTML, like Gecko) HeadlessChrome/145.0.7632.6 Safari/537.36"
[2026-09-02T04:12:52.119Z]  "GET /src/battleSystem.js" "Mozilla/5.0 (X11; Linux x86_64) AppleWebKit/537.36 (KHTML, like Gecko) HeadlessChrome/145.0.7632.6 Safari/537.36"
[2026-09-02T04:12:52.120Z]  "GET /src/dayCare.js" "Mozilla/5.0 (X11; Linux x86_64) AppleWebKit/537.36 (KHTML, like Gecko) HeadlessChrome/145.0.7632.6 Safari/537.36"
[2026-09-02T04:12:52.122Z]  "GET /src/storage.js" "Mozilla/5.0 (X11; Linux x86_64) AppleWebKit/537.36 (KHTML, like Gecko) HeadlessChrome/145.0.7632.6 Safari/537.36"
[2026-09-02T04:12:52.122Z]  "GET /src/state.js" "Mozilla/5.0 (X11; Linux x86_64) AppleWebKit/537.36 (KHTML, like Gecko) HeadlessChrome/145.0.7632.6 Safari/537.36"
[2026-09-02T04:12:52.125Z]  "GET /src/ui/topbar.js" "Mozilla/5.0 (X11; Linux x86_64) AppleWebKit/537.36 (KHTML, like Gecko) HeadlessChrome/145.0.7632.6 Safari/537.36"
[2026-09-02T04:12:52.125Z]  "GET /src/ui/sidebar.js" "Mozilla/5.0 (X11; Linux x86_64) AppleWebKit/537.36 (KHTML, like Gecko) HeadlessChrome/145.0.7632.6 Safari/537.36"
[2026-09-02T04:12:52.133Z]  "GET /src/ui/battle.js" "Mozilla/5.0 (X11; Linux x86_64) AppleWebKit/537.36 (KHTML, like Gecko) HeadlessChrome/145.0.7632.6 Safari/537.36"
[2026-09-02T04:12:52.134Z]  "GET /src/ui/map.js" "Mozilla/5.0 (X11; Linux x86_64) AppleWebKit/537.36 (KHTML, like Gecko) HeadlessChrome/145.0.7632.6 Safari/537.36"
[2026-09-02T04:12:52.134Z]  "GET /src/ui/pokedex.js" "Mozilla/5.0 (X11; Linux x86_64) AppleWebKit/537.36 (KHTML, like Gecko) HeadlessChrome/145.0.7632.6 Safari/537.36"
[2026-09-02T04:12:52.135Z]  "GET /src/ui/pokemonStats.js" "Mozilla/5.0 (X11; Linux x86_64) AppleWebKit/537.36 (KHTML, like Gecko) HeadlessChrome/145.0.7632.6 Safari/537.36"
[2026-09-02T04:12:52.136Z]  "GET /src/ui/settings.js" "Mozilla/5.0 (X11; Linux x86_64) AppleWebKit/537.36 (KHTML, like Gecko) HeadlessChrome/145.0.7632.6 Safari/537.36"
[2026-09-02T04:12:52.145Z]  "GET /src/ui/market.js" "Mozilla/5.0 (X11; Linux x86_64) AppleWebKit/537.36 (KHTML, like Gecko) HeadlessChrome/145.0.7632.6 Safari/537.36"
[2026-09-02T04:12:52.145Z]  "GET /src/ui/backpack/index.js" "Mozilla/5.0 (X11; Linux x86_64) AppleWebKit/537.36 (KHTML, like Gecko) HeadlessChrome/145.0.7632.6 Safari/537.36"
[2026-09-02T04:12:52.146Z]  "GET /src/ui/backpack/pokemon.js" "Mozilla/5.0 (X11; Linux x86_64) AppleWebKit/537.36 (KHTML, like Gecko) HeadlessChrome/145.0.7632.6 Safari/537.36"
[2026-09-02T04:12:52.156Z]  "GET /src/ui/backpack/pokeballs.js" "Mozilla/5.0 (X11; Linux x86_64) AppleWebKit/537.36 (KHTML, like Gecko) HeadlessChrome/145.0.7632.6 Safari/537.36"
[2026-09-02T04:12:52.156Z]  "GET /src/ui/backpack/potions.js" "Mozilla/5.0 (X11; Linux x86_64) AppleWebKit/537.36 (KHTML, like Gecko) HeadlessChrome/145.0.7632.6 Safari/537.36"
[2026-09-02T04:12:52.157Z]  "GET /src/ui/backpack/stones.js" "Mozilla/5.0 (X11; Linux x86_64) AppleWebKit/537.36 (KHTML, like Gecko) HeadlessChrome/145.0.7632.6 Safari/537.36"
[2026-09-02T04:12:52.162Z]  "GET /src/ui/backpack/utils.js" "Mozilla/5.0 (X11; Linux x86_64) AppleWebKit/537.36 (KHTML, like Gecko) HeadlessChrome/145.0.7632.6 Safari/537.36"
[2026-09-02T04:14:01.313Z]  "GET /" "Mozilla/5.0 (X11; Linux x86_64) AppleWebKit/537.36 (KHTML, like Gecko) HeadlessChrome/145.0.7632.6 Safari/537.36"
[2026-09-02T04:14:01.324Z]  "GET /styles.css" "Mozilla/5.0 (X11; Linux x86_64) AppleWebKit/537.36 (KHTML, like Gecko) HeadlessChrome/145.0.7632.6 Safari/537.36"
[2026-09-02T04:14:01.325Z]  "GET /Assets/Extra/Logo.jpg" "Mozilla/5.0 (X11; Linux x86_64) AppleWebKit/537.36 (KHTML, like Gecko) HeadlessChrome/145.0.7632.6 Safari/537.36"
[2026-09-02T04:14:01.325Z]  "GET /Assets/Pokemon%20Sprites/1.png" "Mozilla/5.0 (X11; Linux x86_64) AppleWebKit/537.36 (KHTML, like Gecko) HeadlessChrome/145.0.7632.6 Safari/537.36"
[2026-09-02T04:14:01.337Z]  "GET /src/ui.js" "Mozilla/5.0 (X11; Linux x86_64) AppleWebKit/537.36 (KHTML, like Gecko) HeadlessChrome/145.0.7632.6 Safari/537.36"
[2026-09-02T04:14:01.337Z]  "GET /Assets/Pokemon%20Sprites/4.png" "Mozilla/5.0 (X11; Linux x86_64) AppleWebKit/537.36 (KHTML, like Gecko) HeadlessChrome/145.0.7632.6 Safari/537.36"
[2026-09-02T04:14:01.338Z]  "GET /Assets/Pokemon%20Sprites/7.png" "Mozilla/5.0 (X11; Linux x86_64) AppleWebKit/537.36 (KHTML, like Gecko) HeadlessChrome/145.0.7632.6 Safari/537.36"
[2026-09-02T04:14:01.365Z]  "GET /src/mathEngine.js" "Mozilla/5.0 (X11; Linux x86_64) AppleWebKit/537.36 (KHTML, like Gecko) HeadlessChrome/145.0.7632.6 Safari/537.36"
[2026-09-02T04:14:01.366Z]  "GET /src/battleSystem.js" "Mozilla/5.0 (X11; Linux x86_64) AppleWebKit/537.36 (KHTML, like Gecko) HeadlessChrome/145.0.7632.6 Safari/537.36"
[2026-09-02T04:14:01.368Z]  "GET /src/dayCare.js" "Mozilla/5.0 (X11; Linux x86_64) AppleWebKit/537.36 (KHTML, like Gecko) HeadlessChrome/145.0.7632.6 Safari/537.36"
[2026-09-02T04:14:01.368Z]  "GET /src/storage.js" "Mozilla/5.0 (X11; Linux x86_64) AppleWebKit/537.36 (KHTML, like Gecko) HeadlessChrome/145.0.7632.6 Safari/537.36"
[2026-09-02T04:14:01.369Z]  "GET /src/state.js" "Mozilla/5.0 (X11; Linux x86_64) AppleWebKit/537.36 (KHTML, like Gecko) HeadlessChrome/145.0.7632.6 Safari/537.36"
[2026-09-02T04:14:01.369Z]  "GET /src/ui/topbar.js" "Mozilla/5.0 (X11; Linux x86_64) AppleWebKit/537.36 (KHTML, like Gecko) HeadlessChrome/145.0.7632.6 Safari/537.36"
[2026-09-02T04:14:01.372Z]  "GET /src/ui/sidebar.js" "Mozilla/5.0 (X11; Linux x86_64) AppleWebKit/537.36 (KHTML, like Gecko) HeadlessChrome/145.0.7632.6 Safari/537.36"
[2026-09-02T04:14:01.373Z]  "GET /src/ui/battle.js" "Mozilla/5.0 (X11; Linux x86_64) AppleWebKit/537.36 (KHTML, like Gecko) HeadlessChrome/145.0.7632.6 Safari/537.36"
[2026-09-02T04:14:01.374Z]  "GET /src/ui/map.js" "Mozilla/5.0 (X11; Linux x86_64) AppleWebKit/537.36 (KHTML, like Gecko) HeadlessChrome/145.0.7632.6 Safari/537.36"
[2026-09-02T04:14:01.374Z]  "GET /src/ui/pokedex.js" "Mozilla/5.0 (X11; Linux x86_64) AppleWebKit/537.36 (KHTML, like Gecko) HeadlessChrome/145.0.7632.6 Safari/537.36"
[2026-09-02T04:14:01.374Z]  "GET /src/ui/pokemonStats.js" "Mozilla/5.0 (X11; Linux x86_64) AppleWebKit/537.36 (KHTML, like Gecko) HeadlessChrome/145.0.7632.6 Safari/537.36"
[2026-09-02T04:14:01.375Z]  "GET /src/ui/settings.js" "Mozilla/5.0 (X11; Linux x86_64) AppleWebKit/537.36 (KHTML, like Gecko) HeadlessChrome/145.0.7632.6 Safari/537.36"
[2026-09-02T04:14:01.378Z]  "GET /src/ui/market.js" "Mozilla/5.0 (X11; Linux x86_64) AppleWebKit/537.36 (KHTML, like Gecko) HeadlessChrome/145.0.7632.6 Safari/537.36"
[2026-09-02T04:14:01.378Z]  "GET /src/ui/backpack/index.js" "Mozilla/5.0 (X11; Linux x86_64) AppleWebKit/537.36 (KHTML, like Gecko) HeadlessChrome/145.0.7632.6 Safari/537.36"
[2026-09-02T04:14:01.379Z]  "GET /src/ui/backpack/pokemon.js" "Mozilla/5.0 (X11; Linux x86_64) AppleWebKit/537.36 (KHTML, like Gecko) HeadlessChrome/145.0.7632.6 Safari/537.36"
[2026-09-02T04:14:01.386Z]  "GET /src/ui/backpack/pokeballs.js" "Mozilla/5.0 (X11; Linux x86_64) AppleWebKit/537.36 (KHTML, like Gecko) HeadlessChrome/145.0.7632.6 Safari/537.36"
[2026-09-02T04:14:01.387Z]  "GET /src/ui/backpack/potions.js" "Mozilla/5.0 (X11; Linux x86_64) AppleWebKit/537.36 (KHTML, like Gecko) HeadlessChrome/145.0.7632.6 Safari/537.36"
[2026-09-02T04:14:01.388Z]  "GET /src/ui/backpack/stones.js" "Mozilla/5.0 (X11; Linux x86_64) AppleWebKit/537.36 (KHTML, like Gecko) HeadlessChrome/145.0.7632.6 Safari/537.36"
[2026-09-02T04:14:01.392Z]  "GET /src/ui/backpack/utils.js" "Mozilla/5.0 (X11; Linux x86_64) AppleWebKit/537.36 (KHTML, like Gecko) HeadlessChrome/145.0.7632.6 Safari/537.36"
[2026-09-02T04:14:24.046Z]  "GET /" "Mozilla/5.0 (X11; Linux x86_64) AppleWebKit/537.36 (KHTML, like Gecko) HeadlessChrome/145.0.7632.6 Safari/537.36"
[2026-09-02T04:14:24.057Z]  "GET /styles.css" "Mozilla/5.0 (X11; Linux x86_64) AppleWebKit/537.36 (KHTML, like Gecko) HeadlessChrome/145.0.7632.6 Safari/537.36"
[2026-09-02T04:14:24.057Z]  "GET /src/ui.js" "Mozilla/5.0 (X11; Linux x86_64) AppleWebKit/537.36 (KHTML, like Gecko) HeadlessChrome/145.0.7632.6 Safari/537.36"
[2026-09-02T04:14:24.058Z]  "GET /Assets/Extra/Logo.jpg" "Mozilla/5.0 (X11; Linux x86_64) AppleWebKit/537.36 (KHTML, like Gecko) HeadlessChrome/145.0.7632.6 Safari/537.36"
[2026-09-02T04:14:24.058Z]  "GET /Assets/Pokemon%20Sprites/1.png" "Mozilla/5.0 (X11; Linux x86_64) AppleWebKit/537.36 (KHTML, like Gecko) HeadlessChrome/145.0.7632.6 Safari/537.36"
[2026-09-02T04:14:24.059Z]  "GET /Assets/Pokemon%20Sprites/4.png" "Mozilla/5.0 (X11; Linux x86_64) AppleWebKit/537.36 (KHTML, like Gecko) HeadlessChrome/145.0.7632.6 Safari/537.36"
[2026-09-02T04:14:24.061Z]  "GET /Assets/Pokemon%20Sprites/7.png" "Mozilla/5.0 (X11; Linux x86_64) AppleWebKit/537.36 (KHTML, like Gecko) HeadlessChrome/145.0.7632.6 Safari/537.36"
[2026-09-02T04:14:24.072Z]  "GET /src/mathEngine.js" "Mozilla/5.0 (X11; Linux x86_64) AppleWebKit/537.36 (KHTML, like Gecko) HeadlessChrome/145.0.7632.6 Safari/537.36"
[2026-09-02T04:14:24.072Z]  "GET /src/battleSystem.js" "Mozilla/5.0 (X11; Linux x86_64) AppleWebKit/537.36 (KHTML, like Gecko) HeadlessChrome/145.0.7632.6 Safari/537.36"
[2026-09-02T04:14:24.076Z]  "GET /src/dayCare.js" "Mozilla/5.0 (X11; Linux x86_64) AppleWebKit/537.36 (KHTML, like Gecko) HeadlessChrome/145.0.7632.6 Safari/537.36"
[2026-09-02T04:14:24.077Z]  "GET /src/storage.js" "Mozilla/5.0 (X11; Linux x86_64) AppleWebKit/537.36 (KHTML, like Gecko) HeadlessChrome/145.0.7632.6 Safari/537.36"
[2026-09-02T04:14:24.077Z]  "GET /src/state.js" "Mozilla/5.0 (X11; Linux x86_64) AppleWebKit/537.36 (KHTML, like Gecko) HeadlessChrome/145.0.7632.6 Safari/537.36"
[2026-09-02T04:14:24.079Z]  "GET /src/ui/topbar.js" "Mozilla/5.0 (X11; Linux x86_64) AppleWebKit/537.36 (KHTML, like Gecko) HeadlessChrome/145.0.7632.6 Safari/537.36"
[2026-09-02T04:14:24.080Z]  "GET /src/ui/sidebar.js" "Mozilla/5.0 (X11; Linux x86_64) AppleWebKit/537.36 (KHTML, like Gecko) HeadlessChrome/145.0.7632.6 Safari/537.36"
[2026-09-02T04:14:24.081Z]  "GET /src/ui/battle.js" "Mozilla/5.0 (X11; Linux x86_64) AppleWebKit/537.36 (KHTML, like Gecko) HeadlessChrome/145.0.7632.6 Safari/537.36"
[2026-09-02T04:14:24.081Z]  "GET /src/ui/map.js" "Mozilla/5.0 (X11; Linux x86_64) AppleWebKit/537.36 (KHTML, like Gecko) HeadlessChrome/145.0.7632.6 Safari/537.36"
[2026-09-02T04:14:24.081Z]  "GET /src/ui/pokedex.js" "Mozilla/5.0 (X11; Linux x86_64) AppleWebKit/537.36 (KHTML, like Gecko) HeadlessChrome/145.0.7632.6 Safari/537.36"
[2026-09-02T04:14:24.087Z]  "GET /src/ui/pokemonStats.js" "Mozilla/5.0 (X11; Linux x86_64) AppleWebKit/537.36 (KHTML, like Gecko) HeadlessChrome/145.0.7632.6 Safari/537.36"
[2026-09-02T04:14:24.087Z]  "GET /src/ui/settings.js" "Mozilla/5.0 (X11; Linux x86_64) AppleWebKit/537.36 (KHTML, like Gecko) HeadlessChrome/145.0.7632.6 Safari/537.36"
[2026-09-02T04:14:24.088Z]  "GET /src/ui/market.js" "Mozilla/5.0 (X11; Linux x86_64) AppleWebKit/537.36 (KHTML, like Gecko) HeadlessChrome/145.0.7632.6 Safari/537.36"
[2026-09-02T04:14:24.089Z]  "GET /src/ui/backpack/index.js" "Mozilla/5.0 (X11; Linux x86_64) AppleWebKit/537.36 (KHTML, like Gecko) HeadlessChrome/145.0.7632.6 Safari/537.36"
[2026-09-02T04:14:24.090Z]  "GET /src/ui/backpack/pokemon.js" "Mozilla/5.0 (X11; Linux x86_64) AppleWebKit/537.36 (KHTML, like Gecko) HeadlessChrome/145.0.7632.6 Safari/537.36"
[2026-09-02T04:14:24.116Z]  "GET /src/ui/backpack/pokeballs.js" "Mozilla/5.0 (X11; Linux x86_64) AppleWebKit/537.36 (KHTML, like Gecko) HeadlessChrome/145.0.7632.6 Safari/537.36"
[2026-09-02T04:14:24.116Z]  "GET /src/ui/backpack/potions.js" "Mozilla/5.0 (X11; Linux x86_64) AppleWebKit/537.36 (KHTML, like Gecko) HeadlessChrome/145.0.7632.6 Safari/537.36"
[2026-09-02T04:14:24.116Z]  "GET /src/ui/backpack/stones.js" "Mozilla/5.0 (X11; Linux x86_64) AppleWebKit/537.36 (KHTML, like Gecko) HeadlessChrome/145.0.7632.6 Safari/537.36"
[2026-09-02T04:14:24.121Z]  "GET /src/ui/backpack/utils.js" "Mozilla/5.0 (X11; Linux x86_64) AppleWebKit/537.36 (KHTML, like Gecko) HeadlessChrome/145.0.7632.6 Safari/537.36"
[2026-09-02T04:15:21.431Z]  "GET /" "Mozilla/5.0 (X11; Linux x86_64) AppleWebKit/537.36 (KHTML, like Gecko) HeadlessChrome/145.0.7632.6 Safari/537.36"
[2026-09-02T04:15:21.441Z]  "GET /styles.css" "Mozilla/5.0 (X11; Linux x86_64) AppleWebKit/537.36 (KHTML, like Gecko) HeadlessChrome/145.0.7632.6 Safari/537.36"
[2026-09-02T04:15:21.442Z]  "GET /src/ui.js" "Mozilla/5.0 (X11; Linux x86_64) AppleWebKit/537.36 (KHTML, like Gecko) HeadlessChrome/145.0.7632.6 Safari/537.36"
[2026-09-02T04:15:21.443Z]  "GET /Assets/Extra/Logo.jpg" "Mozilla/5.0 (X11; Linux x86_64) AppleWebKit/537.36 (KHTML, like Gecko) HeadlessChrome/145.0.7632.6 Safari/537.36"
[2026-09-02T04:15:21.444Z]  "GET /Assets/Pokemon%20Sprites/1.png" "Mozilla/5.0 (X11; Linux x86_64) AppleWebKit/537.36 (KHTML, like Gecko) HeadlessChrome/145.0.7632.6 Safari/537.36"
[2026-09-02T04:15:21.446Z]  "GET /Assets/Pokemon%20Sprites/4.png" "Mozilla/5.0 (X11; Linux x86_64) AppleWebKit/537.36 (KHTML, like Gecko) HeadlessChrome/145.0.7632.6 Safari/537.36"
[2026-09-02T04:15:21.447Z]  "GET /Assets/Pokemon%20Sprites/7.png" "Mozilla/5.0 (X11; Linux x86_64) AppleWebKit/537.36 (KHTML, like Gecko) HeadlessChrome/145.0.7632.6 Safari/537.36"
[2026-09-02T04:15:21.476Z]  "GET /src/mathEngine.js" "Mozilla/5.0 (X11; Linux x86_64) AppleWebKit/537.36 (KHTML, like Gecko) HeadlessChrome/145.0.7632.6 Safari/537.36"
[2026-09-02T04:15:21.477Z]  "GET /src/battleSystem.js" "Mozilla/5.0 (X11; Linux x86_64) AppleWebKit/537.36 (KHTML, like Gecko) HeadlessChrome/145.0.7632.6 Safari/537.36"
[2026-09-02T04:15:21.477Z]  "GET /src/dayCare.js" "Mozilla/5.0 (X11; Linux x86_64) AppleWebKit/537.36 (KHTML, like Gecko) HeadlessChrome/145.0.7632.6 Safari/537.36"
[2026-09-02T04:15:21.478Z]  "GET /src/storage.js" "Mozilla/5.0 (X11; Linux x86_64) AppleWebKit/537.36 (KHTML, like Gecko) HeadlessChrome/145.0.7632.6 Safari/537.36"
[2026-09-02T04:15:21.478Z]  "GET /src/state.js" "Mozilla/5.0 (X11; Linux x86_64) AppleWebKit/537.36 (KHTML, like Gecko) HeadlessChrome/145.0.7632.6 Safari/537.36"
[2026-09-02T04:15:21.478Z]  "GET /src/ui/topbar.js" "Mozilla/5.0 (X11; Linux x86_64) AppleWebKit/537.36 (KHTML, like Gecko) HeadlessChrome/145.0.7632.6 Safari/537.36"
[2026-09-02T04:15:21.487Z]  "GET /src/ui/sidebar.js" "Mozilla/5.0 (X11; Linux x86_64) AppleWebKit/537.36 (KHTML, like Gecko) HeadlessChrome/145.0.7632.6 Safari/537.36"
[2026-09-02T04:15:21.487Z]  "GET /src/ui/battle.js" "Mozilla/5.0 (X11; Linux x86_64) AppleWebKit/537.36 (KHTML, like Gecko) HeadlessChrome/145.0.7632.6 Safari/537.36"
[2026-09-02T04:15:21.488Z]  "GET /src/ui/map.js" "Mozilla/5.0 (X11; Linux x86_64) AppleWebKit/537.36 (KHTML, like Gecko) HeadlessChrome/145.0.7632.6 Safari/537.36"
[2026-09-02T04:15:21.488Z]  "GET /src/ui/pokedex.js" "Mozilla/5.0 (X11; Linux x86_64) AppleWebKit/537.36 (KHTML, like Gecko) HeadlessChrome/145.0.7632.6 Safari/537.36"
[2026-09-02T04:15:21.488Z]  "GET /src/ui/pokemonStats.js" "Mozilla/5.0 (X11; Linux x86_64) AppleWebKit/537.36 (KHTML, like Gecko) HeadlessChrome/145.0.7632.6 Safari/537.36"
[2026-09-02T04:15:21.488Z]  "GET /src/ui/settings.js" "Mozilla/5.0 (X11; Linux x86_64) AppleWebKit/537.36 (KHTML, like Gecko) HeadlessChrome/145.0.7632.6 Safari/537.36"
[2026-09-02T04:15:21.493Z]  "GET /src/ui/market.js" "Mozilla/5.0 (X11; Linux x86_64) AppleWebKit/537.36 (KHTML, like Gecko) HeadlessChrome/145.0.7632.6 Safari/537.36"
[2026-09-02T04:15:21.498Z]  "GET /src/ui/backpack/index.js" "Mozilla/5.0 (X11; Linux x86_64) AppleWebKit/537.36 (KHTML, like Gecko) HeadlessChrome/145.0.7632.6 Safari/537.36"
[2026-09-02T04:15:21.498Z]  "GET /src/ui/backpack/pokemon.js" "Mozilla/5.0 (X11; Linux x86_64) AppleWebKit/537.36 (KHTML, like Gecko) HeadlessChrome/145.0.7632.6 Safari/537.36"
[2026-09-02T04:15:21.505Z]  "GET /src/ui/backpack/pokeballs.js" "Mozilla/5.0 (X11; Linux x86_64) AppleWebKit/537.36 (KHTML, like Gecko) HeadlessChrome/145.0.7632.6 Safari/537.36"
[2026-09-02T04:15:21.505Z]  "GET /src/ui/backpack/potions.js" "Mozilla/5.0 (X11; Linux x86_64) AppleWebKit/537.36 (KHTML, like Gecko) HeadlessChrome/145.0.7632.6 Safari/537.36"
[2026-09-02T04:15:21.505Z]  "GET /src/ui/backpack/stones.js" "Mozilla/5.0 (X11; Linux x86_64) AppleWebKit/537.36 (KHTML, like Gecko) HeadlessChrome/145.0.7632.6 Safari/537.36"
[2026-09-02T04:15:21.510Z]  "GET /src/ui/backpack/utils.js" "Mozilla/5.0 (X11; Linux x86_64) AppleWebKit/537.36 (KHTML, like Gecko) HeadlessChrome/145.0.7632.6 Safari/537.36"
[2026-09-02T04:15:46.869Z]  "GET /" "Mozilla/5.0 (X11; Linux x86_64) AppleWebKit/537.36 (KHTML, like Gecko) HeadlessChrome/145.0.7632.6 Safari/537.36"
[2026-09-02T04:15:46.879Z]  "GET /styles.css" "Mozilla/5.0 (X11; Linux x86_64) AppleWebKit/537.36 (KHTML, like Gecko) HeadlessChrome/145.0.7632.6 Safari/537.36"
[2026-09-02T04:15:46.883Z]  "GET /src/ui.js" "Mozilla/5.0 (X11; Linux x86_64) AppleWebKit/537.36 (KHTML, like Gecko) HeadlessChrome/145.0.7632.6 Safari/537.36"
[2026-09-02T04:15:46.884Z]  "GET /Assets/Extra/Logo.jpg" "Mozilla/5.0 (X11; Linux x86_64) AppleWebKit/537.36 (KHTML, like Gecko) HeadlessChrome/145.0.7632.6 Safari/537.36"
[2026-09-02T04:15:46.884Z]  "GET /Assets/Pokemon%20Sprites/1.png" "Mozilla/5.0 (X11; Linux x86_64) AppleWebKit/537.36 (KHTML, like Gecko) HeadlessChrome/145.0.7632.6 Safari/537.36"
[2026-09-02T04:15:46.886Z]  "GET /Assets/Pokemon%20Sprites/4.png" "Mozilla/5.0 (X11; Linux x86_64) AppleWebKit/537.36 (KHTML, like Gecko) HeadlessChrome/145.0.7632.6 Safari/537.36"
[2026-09-02T04:15:46.887Z]  "GET /Assets/Pokemon%20Sprites/7.png" "Mozilla/5.0 (X11; Linux x86_64) AppleWebKit/537.36 (KHTML, like Gecko) HeadlessChrome/145.0.7632.6 Safari/537.36"
[2026-09-02T04:15:46.914Z]  "GET /src/mathEngine.js" "Mozilla/5.0 (X11; Linux x86_64) AppleWebKit/537.36 (KHTML, like Gecko) HeadlessChrome/145.0.7632.6 Safari/537.36"
[2026-09-02T04:15:46.920Z]  "GET /src/battleSystem.js" "Mozilla/5.0 (X11; Linux x86_64) AppleWebKit/537.36 (KHTML, like Gecko) HeadlessChrome/145.0.7632.6 Safari/537.36"
[2026-09-02T04:15:46.922Z]  "GET /src/dayCare.js" "Mozilla/5.0 (X11; Linux x86_64) AppleWebKit/537.36 (KHTML, like Gecko) HeadlessChrome/145.0.7632.6 Safari/537.36"
[2026-09-02T04:15:46.922Z]  "GET /src/storage.js" "Mozilla/5.0 (X11; Linux x86_64) AppleWebKit/537.36 (KHTML, like Gecko) HeadlessChrome/145.0.7632.6 Safari/537.36"
[2026-09-02T04:15:46.923Z]  "GET /src/state.js" "Mozilla/5.0 (X11; Linux x86_64) AppleWebKit/537.36 (KHTML, like Gecko) HeadlessChrome/145.0.7632.6 Safari/537.36"
[2026-09-02T04:15:46.924Z]  "GET /src/ui/topbar.js" "Mozilla/5.0 (X11; Linux x86_64) AppleWebKit/537.36 (KHTML, like Gecko) HeadlessChrome/145.0.7632.6 Safari/537.36"
[2026-09-02T04:15:46.924Z]  "GET /src/ui/sidebar.js" "Mozilla/5.0 (X11; Linux x86_64) AppleWebKit/537.36 (KHTML, like Gecko) HeadlessChrome/145.0.7632.6 Safari/537.36"
[2026-09-02T04:15:46.926Z]  "GET /src/ui/battle.js" "Mozilla/5.0 (X11; Linux x86_64) AppleWebKit/537.36 (KHTML, like Gecko) HeadlessChrome/145.0.7632.6 Safari/537.36"
[2026-09-02T04:15:46.927Z]  "GET /src/ui/map.js" "Mozilla/5.0 (X11; Linux x86_64) AppleWebKit/537.36 (KHTML, like Gecko) HeadlessChrome/145.0.7632.6 Safari/537.36"
[2026-09-02T04:15:46.927Z]  "GET /src/ui/pokedex.js" "Mozilla/5.0 (X11; Linux x86_64) AppleWebKit/537.36 (KHTML, like Gecko) HeadlessChrome/145.0.7632.6 Safari/537.36"
[2026-09-02T04:15:46.928Z]  "GET /src/ui/pokemonStats.js" "Mozilla/5.0 (X11; Linux x86_64) AppleWebKit/537.36 (KHTML, like Gecko) HeadlessChrome/145.0.7632.6 Safari/537.36"
[2026-09-02T04:15:46.929Z]  "GET /src/ui/settings.js" "Mozilla/5.0 (X11; Linux x86_64) AppleWebKit/537.36 (KHTML, like Gecko) HeadlessChrome/145.0.7632.6 Safari/537.36"
[2026-09-02T04:15:46.931Z]  "GET /src/ui/market.js" "Mozilla/5.0 (X11; Linux x86_64) AppleWebKit/537.36 (KHTML, like Gecko) HeadlessChrome/145.0.7632.6 Safari/537.36"
[2026-09-02T04:15:46.939Z]  "GET /src/ui/backpack/index.js" "Mozilla/5.0 (X11; Linux x86_64) AppleWebKit/537.36 (KHTML, like Gecko) HeadlessChrome/145.0.7632.6 Safari/537.36"
[2026-09-02T04:15:46.939Z]  "GET /src/ui/backpack/pokemon.js" "Mozilla/5.0 (X11; Linux x86_64) AppleWebKit/537.36 (KHTML, like Gecko) HeadlessChrome/145.0.7632.6 Safari/537.36"
[2026-09-02T04:15:46.945Z]  "GET /src/ui/backpack/pokeballs.js" "Mozilla/5.0 (X11; Linux x86_64) AppleWebKit/537.36 (KHTML, like Gecko) HeadlessChrome/145.0.7632.6 Safari/537.36"
[2026-09-02T04:15:46.946Z]  "GET /src/ui/backpack/potions.js" "Mozilla/5.0 (X11; Linux x86_64) AppleWebKit/537.36 (KHTML, like Gecko) HeadlessChrome/145.0.7632.6 Safari/537.36"
[2026-09-02T04:15:46.947Z]  "GET /src/ui/backpack/stones.js" "Mozilla/5.0 (X11; Linux x86_64) AppleWebKit/537.36 (KHTML, like Gecko) HeadlessChrome/145.0.7632.6 Safari/537.36"
[2026-09-02T04:15:46.954Z]  "GET /src/ui/backpack/utils.js" "Mozilla/5.0 (X11; Linux x86_64) AppleWebKit/537.36 (KHTML, like Gecko) HeadlessChrome/145.0.7632.6 Safari/537.36"
[2026-09-02T04:16:43.078Z]  "GET /" "Mozilla/5.0 (X11; Linux x86_64) AppleWebKit/537.36 (KHTML, like Gecko) HeadlessChrome/145.0.7632.6 Safari/537.36"
[2026-09-02T04:16:43.085Z]  "GET /styles.css" "Mozilla/5.0 (X11; Linux x86_64) AppleWebKit/537.36 (KHTML, like Gecko) HeadlessChrome/145.0.7632.6 Safari/537.36"
[2026-09-02T04:16:43.088Z]  "GET /src/ui.js" "Mozilla/5.0 (X11; Linux x86_64) AppleWebKit/537.36 (KHTML, like Gecko) HeadlessChrome/145.0.7632.6 Safari/537.36"
[2026-09-02T04:16:43.089Z]  "GET /Assets/Extra/Logo.jpg" "Mozilla/5.0 (X11; Linux x86_64) AppleWebKit/537.36 (KHTML, like Gecko) HeadlessChrome/145.0.7632.6 Safari/537.36"
[2026-09-02T04:16:43.089Z]  "GET /Assets/Pokemon%20Sprites/1.png" "Mozilla/5.0 (X11; Linux x86_64) AppleWebKit/537.36 (KHTML, like Gecko) HeadlessChrome/145.0.7632.6 Safari/537.36"
[2026-09-02T04:16:43.091Z]  "GET /Assets/Pokemon%20Sprites/4.png" "Mozilla/5.0 (X11; Linux x86_64) AppleWebKit/537.36 (KHTML, like Gecko) HeadlessChrome/145.0.7632.6 Safari/537.36"
[2026-09-02T04:16:43.092Z]  "GET /Assets/Pokemon%20Sprites/7.png" "Mozilla/5.0 (X11; Linux x86_64) AppleWebKit/537.36 (KHTML, like Gecko) HeadlessChrome/145.0.7632.6 Safari/537.36"
[2026-09-02T04:16:43.117Z]  "GET /src/mathEngine.js" "Mozilla/5.0 (X11; Linux x86_64) AppleWebKit/537.36 (KHTML, like Gecko) HeadlessChrome/145.0.7632.6 Safari/537.36"
[2026-09-02T04:16:43.119Z]  "GET /src/battleSystem.js" "Mozilla/5.0 (X11; Linux x86_64) AppleWebKit/537.36 (KHTML, like Gecko) HeadlessChrome/145.0.7632.6 Safari/537.36"
[2026-09-02T04:16:43.119Z]  "GET /src/dayCare.js" "Mozilla/5.0 (X11; Linux x86_64) AppleWebKit/537.36 (KHTML, like Gecko) HeadlessChrome/145.0.7632.6 Safari/537.36"
[2026-09-02T04:16:43.120Z]  "GET /src/storage.js" "Mozilla/5.0 (X11; Linux x86_64) AppleWebKit/537.36 (KHTML, like Gecko) HeadlessChrome/145.0.7632.6 Safari/537.36"
[2026-09-02T04:16:43.120Z]  "GET /src/state.js" "Mozilla/5.0 (X11; Linux x86_64) AppleWebKit/537.36 (KHTML, like Gecko) HeadlessChrome/145.0.7632.6 Safari/537.36"
[2026-09-02T04:16:43.128Z]  "GET /src/ui/topbar.js" "Mozilla/5.0 (X11; Linux x86_64) AppleWebKit/537.36 (KHTML, like Gecko) HeadlessChrome/145.0.7632.6 Safari/537.36"
[2026-09-02T04:16:43.130Z]  "GET /src/ui/sidebar.js" "Mozilla/5.0 (X11; Linux x86_64) AppleWebKit/537.36 (KHTML, like Gecko) HeadlessChrome/145.0.7632.6 Safari/537.36"
[2026-09-02T04:16:43.130Z]  "GET /src/ui/battle.js" "Mozilla/5.0 (X11; Linux x86_64) AppleWebKit/537.36 (KHTML, like Gecko) HeadlessChrome/145.0.7632.6 Safari/537.36"
[2026-09-02T04:16:43.131Z]  "GET /src/ui/map.js" "Mozilla/5.0 (X11; Linux x86_64) AppleWebKit/537.36 (KHTML, like Gecko) HeadlessChrome/145.0.7632.6 Safari/537.36"
[2026-09-02T04:16:43.131Z]  "GET /src/ui/pokedex.js" "Mozilla/5.0 (X11; Linux x86_64) AppleWebKit/537.36 (KHTML, like Gecko) HeadlessChrome/145.0.7632.6 Safari/537.36"
[2026-09-02T04:16:43.131Z]  "GET /src/ui/pokemonStats.js" "Mozilla/5.0 (X11; Linux x86_64) AppleWebKit/537.36 (KHTML, like Gecko) HeadlessChrome/145.0.7632.6 Safari/537.36"
[2026-09-02T04:16:43.143Z]  "GET /src/ui/settings.js" "Mozilla/5.0 (X11; Linux x86_64) AppleWebKit/537.36 (KHTML, like Gecko) HeadlessChrome/145.0.7632.6 Safari/537.36"
[2026-09-02T04:16:43.144Z]  "GET /src/ui/market.js" "Mozilla/5.0 (X11; Linux x86_64) AppleWebKit/537.36 (KHTML, like Gecko) HeadlessChrome/145.0.7632.6 Safari/537.36"
[2026-09-02T04:16:43.144Z]  "GET /src/ui/backpack/index.js" "Mozilla/5.0 (X11; Linux x86_64) AppleWebKit/537.36 (KHTML, like Gecko) HeadlessChrome/145.0.7632.6 Safari/537.36"
[2026-09-02T04:16:43.147Z]  "GET /src/ui/backpack/pokemon.js" "Mozilla/5.0 (X11; Linux x86_64) AppleWebKit/537.36 (KHTML, like Gecko) HeadlessChrome/145.0.7632.6 Safari/537.36"
[2026-09-02T04:16:43.158Z]  "GET /src/ui/backpack/pokeballs.js" "Mozilla/5.0 (X11; Linux x86_64) AppleWebKit/537.36 (KHTML, like Gecko) HeadlessChrome/145.0.7632.6 Safari/537.36"
[2026-09-02T04:16:43.158Z]  "GET /src/ui/backpack/potions.js" "Mozilla/5.0 (X11; Linux x86_64) AppleWebKit/537.36 (KHTML, like Gecko) HeadlessChrome/145.0.7632.6 Safari/537.36"
[2026-09-02T04:16:43.159Z]  "GET /src/ui/backpack/stones.js" "Mozilla/5.0 (X11; Linux x86_64) AppleWebKit/537.36 (KHTML, like Gecko) HeadlessChrome/145.0.7632.6 Safari/537.36"
[2026-09-02T04:16:43.162Z]  "GET /src/ui/backpack/utils.js" "Mozilla/5.0 (X11; Linux x86_64) AppleWebKit/537.36 (KHTML, like Gecko) HeadlessChrome/145.0.7632.6 Safari/537.36"
[2026-09-02T04:16:49.203Z]  "GET /Assets/Background/BG-Daycare.png" "Mozilla/5.0 (X11; Linux x86_64) AppleWebKit/537.36 (KHTML, like Gecko) HeadlessChrome/145.0.7632.6 Safari/537.36"
[2026-09-02T04:16:49.205Z]  "GET /Assets/Background/BG-Daycare.png" Error (404): "Not found"
[2026-09-02T04:17:08.080Z]  "GET /" "Mozilla/5.0 (X11; Linux x86_64) AppleWebKit/537.36 (KHTML, like Gecko) HeadlessChrome/145.0.7632.6 Safari/537.36"
[2026-09-02T04:17:08.089Z]  "GET /styles.css" "Mozilla/5.0 (X11; Linux x86_64) AppleWebKit/537.36 (KHTML, like Gecko) HeadlessChrome/145.0.7632.6 Safari/537.36"
[2026-09-02T04:17:08.094Z]  "GET /src/ui.js" "Mozilla/5.0 (X11; Linux x86_64) AppleWebKit/537.36 (KHTML, like Gecko) HeadlessChrome/145.0.7632.6 Safari/537.36"
[2026-09-02T04:17:08.098Z]  "GET /Assets/Extra/Logo.jpg" "Mozilla/5.0 (X11; Linux x86_64) AppleWebKit/537.36 (KHTML, like Gecko) HeadlessChrome/145.0.7632.6 Safari/537.36"
[2026-09-02T04:17:08.098Z]  "GET /Assets/Pokemon%20Sprites/1.png" "Mozilla/5.0 (X11; Linux x86_64) AppleWebKit/537.36 (KHTML, like Gecko) HeadlessChrome/145.0.7632.6 Safari/537.36"
[2026-09-02T04:17:08.098Z]  "GET /Assets/Pokemon%20Sprites/4.png" "Mozilla/5.0 (X11; Linux x86_64) AppleWebKit/537.36 (KHTML, like Gecko) HeadlessChrome/145.0.7632.6 Safari/537.36"
[2026-09-02T04:17:08.100Z]  "GET /Assets/Pokemon%20Sprites/7.png" "Mozilla/5.0 (X11; Linux x86_64) AppleWebKit/537.36 (KHTML, like Gecko) HeadlessChrome/145.0.7632.6 Safari/537.36"
[2026-09-02T04:17:08.105Z]  "GET /src/mathEngine.js" "Mozilla/5.0 (X11; Linux x86_64) AppleWebKit/537.36 (KHTML, like Gecko) HeadlessChrome/145.0.7632.6 Safari/537.36"
[2026-09-02T04:17:08.105Z]  "GET /src/battleSystem.js" "Mozilla/5.0 (X11; Linux x86_64) AppleWebKit/537.36 (KHTML, like Gecko) HeadlessChrome/145.0.7632.6 Safari/537.36"
[2026-09-02T04:17:08.115Z]  "GET /src/dayCare.js" "Mozilla/5.0 (X11; Linux x86_64) AppleWebKit/537.36 (KHTML, like Gecko) HeadlessChrome/145.0.7632.6 Safari/537.36"
[2026-09-02T04:17:08.115Z]  "GET /src/storage.js" "Mozilla/5.0 (X11; Linux x86_64) AppleWebKit/537.36 (KHTML, like Gecko) HeadlessChrome/145.0.7632.6 Safari/537.36"
[2026-09-02T04:17:08.115Z]  "GET /src/state.js" "Mozilla/5.0 (X11; Linux x86_64) AppleWebKit/537.36 (KHTML, like Gecko) HeadlessChrome/145.0.7632.6 Safari/537.36"
[2026-09-02T04:17:08.116Z]  "GET /src/ui/topbar.js" "Mozilla/5.0 (X11; Linux x86_64) AppleWebKit/537.36 (KHTML, like Gecko) HeadlessChrome/145.0.7632.6 Safari/537.36"
[2026-09-02T04:17:08.116Z]  "GET /src/ui/sidebar.js" "Mozilla/5.0 (X11; Linux x86_64) AppleWebKit/537.36 (KHTML, like Gecko) HeadlessChrome/145.0.7632.6 Safari/537.36"
[2026-09-02T04:17:08.121Z]  "GET /src/ui/battle.js" "Mozilla/5.0 (X11; Linux x86_64) AppleWebKit/537.36 (KHTML, like Gecko) HeadlessChrome/145.0.7632.6 Safari/537.36"
[2026-09-02T04:17:08.123Z]  "GET /src/ui/map.js" "Mozilla/5.0 (X11; Linux x86_64) AppleWebKit/537.36 (KHTML, like Gecko) HeadlessChrome/145.0.7632.6 Safari/537.36"
[2026-09-02T04:17:08.124Z]  "GET /src/ui/pokedex.js" "Mozilla/5.0 (X11; Linux x86_64) AppleWebKit/537.36 (KHTML, like Gecko) HeadlessChrome/145.0.7632.6 Safari/537.36"
[2026-09-02T04:17:08.124Z]  "GET /src/ui/pokemonStats.js" "Mozilla/5.0 (X11; Linux x86_64) AppleWebKit/537.36 (KHTML, like Gecko) HeadlessChrome/145.0.7632.6 Safari/537.36"
[2026-09-02T04:17:08.125Z]  "GET /src/ui/settings.js" "Mozilla/5.0 (X11; Linux x86_64) AppleWebKit/537.36 (KHTML, like Gecko) HeadlessChrome/145.0.7632.6 Safari/537.36"
[2026-09-02T04:17:08.127Z]  "GET /src/ui/market.js" "Mozilla/5.0 (X11; Linux x86_64) AppleWebKit/537.36 (KHTML, like Gecko) HeadlessChrome/145.0.7632.6 Safari/537.36"
[2026-09-02T04:17:08.130Z]  "GET /src/ui/backpack/index.js" "Mozilla/5.0 (X11; Linux x86_64) AppleWebKit/537.36 (KHTML, like Gecko) HeadlessChrome/145.0.7632.6 Safari/537.36"
[2026-09-02T04:17:08.136Z]  "GET /src/ui/backpack/pokemon.js" "Mozilla/5.0 (X11; Linux x86_64) AppleWebKit/537.36 (KHTML, like Gecko) HeadlessChrome/145.0.7632.6 Safari/537.36"
[2026-09-02T04:17:08.144Z]  "GET /src/ui/backpack/pokeballs.js" "Mozilla/5.0 (X11; Linux x86_64) AppleWebKit/537.36 (KHTML, like Gecko) HeadlessChrome/145.0.7632.6 Safari/537.36"
[2026-09-02T04:17:08.145Z]  "GET /src/ui/backpack/potions.js" "Mozilla/5.0 (X11; Linux x86_64) AppleWebKit/537.36 (KHTML, like Gecko) HeadlessChrome/145.0.7632.6 Safari/537.36"
[2026-09-02T04:17:08.146Z]  "GET /src/ui/backpack/stones.js" "Mozilla/5.0 (X11; Linux x86_64) AppleWebKit/537.36 (KHTML, like Gecko) HeadlessChrome/145.0.7632.6 Safari/537.36"
[2026-09-02T04:17:08.153Z]  "GET /src/ui/backpack/utils.js" "Mozilla/5.0 (X11; Linux x86_64) AppleWebKit/537.36 (KHTML, like Gecko) HeadlessChrome/145.0.7632.6 Safari/537.36"
[2026-09-02T04:17:14.195Z]  "GET /Assets/Background/BG-Daycare.png" "Mozilla/5.0 (X11; Linux x86_64) AppleWebKit/537.36 (KHTML, like Gecko) HeadlessChrome/145.0.7632.6 Safari/537.36"
[2026-09-02T04:17:14.196Z]  "GET /Assets/Background/BG-Daycare.png" Error (404): "Not found"
[2026-09-02T04:17:35.950Z]  "GET /" "Mozilla/5.0 (X11; Linux x86_64) AppleWebKit/537.36 (KHTML, like Gecko) HeadlessChrome/145.0.7632.6 Safari/537.36"
[2026-09-02T04:17:35.959Z]  "GET /styles.css" "Mozilla/5.0 (X11; Linux x86_64) AppleWebKit/537.36 (KHTML, like Gecko) HeadlessChrome/145.0.7632.6 Safari/537.36"
[2026-09-02T04:17:35.964Z]  "GET /src/ui.js" "Mozilla/5.0 (X11; Linux x86_64) AppleWebKit/537.36 (KHTML, like Gecko) HeadlessChrome/145.0.7632.6 Safari/537.36"
[2026-09-02T04:17:35.964Z]  "GET /Assets/Extra/Logo.jpg" "Mozilla/5.0 (X11; Linux x86_64) AppleWebKit/537.36 (KHTML, like Gecko) HeadlessChrome/145.0.7632.6 Safari/537.36"
[2026-09-02T04:17:35.965Z]  "GET /Assets/Pokemon%20Sprites/1.png" "Mozilla/5.0 (X11; Linux x86_64) AppleWebKit/537.36 (KHTML, like Gecko) HeadlessChrome/145.0.7632.6 Safari/537.36"
[2026-09-02T04:17:35.970Z]  "GET /Assets/Pokemon%20Sprites/4.png" "Mozilla/5.0 (X11; Linux x86_64) AppleWebKit/537.36 (KHTML, like Gecko) HeadlessChrome/145.0.7632.6 Safari/537.36"
[2026-09-02T04:17:35.971Z]  "GET /Assets/Pokemon%20Sprites/7.png" "Mozilla/5.0 (X11; Linux x86_64) AppleWebKit/537.36 (KHTML, like Gecko) HeadlessChrome/145.0.7632.6 Safari/537.36"
[2026-09-02T04:17:35.985Z]  "GET /src/mathEngine.js" "Mozilla/5.0 (X11; Linux x86_64) AppleWebKit/537.36 (KHTML, like Gecko) HeadlessChrome/145.0.7632.6 Safari/537.36"
[2026-09-02T04:17:35.986Z]  "GET /src/battleSystem.js" "Mozilla/5.0 (X11; Linux x86_64) AppleWebKit/537.36 (KHTML, like Gecko) HeadlessChrome/145.0.7632.6 Safari/537.36"
[2026-09-02T04:17:35.987Z]  "GET /src/dayCare.js" "Mozilla/5.0 (X11; Linux x86_64) AppleWebKit/537.36 (KHTML, like Gecko) HeadlessChrome/145.0.7632.6 Safari/537.36"
[2026-09-02T04:17:35.988Z]  "GET /src/storage.js" "Mozilla/5.0 (X11; Linux x86_64) AppleWebKit/537.36 (KHTML, like Gecko) HeadlessChrome/145.0.7632.6 Safari/537.36"
[2026-09-02T04:17:35.988Z]  "GET /src/state.js" "Mozilla/5.0 (X11; Linux x86_64) AppleWebKit/537.36 (KHTML, like Gecko) HeadlessChrome/145.0.7632.6 Safari/537.36"
[2026-09-02T04:17:35.992Z]  "GET /src/ui/topbar.js" "Mozilla/5.0 (X11; Linux x86_64) AppleWebKit/537.36 (KHTML, like Gecko) HeadlessChrome/145.0.7632.6 Safari/537.36"
[2026-09-02T04:17:35.992Z]  "GET /src/ui/sidebar.js" "Mozilla/5.0 (X11; Linux x86_64) AppleWebKit/537.36 (KHTML, like Gecko) HeadlessChrome/145.0.7632.6 Safari/537.36"
[2026-09-02T04:17:35.992Z]  "GET /src/ui/battle.js" "Mozilla/5.0 (X11; Linux x86_64) AppleWebKit/537.36 (KHTML, like Gecko) HeadlessChrome/145.0.7632.6 Safari/537.36"
[2026-09-02T04:17:35.993Z]  "GET /src/ui/map.js" "Mozilla/5.0 (X11; Linux x86_64) AppleWebKit/537.36 (KHTML, like Gecko) HeadlessChrome/145.0.7632.6 Safari/537.36"
[2026-09-02T04:17:35.995Z]  "GET /src/ui/pokedex.js" "Mozilla/5.0 (X11; Linux x86_64) AppleWebKit/537.36 (KHTML, like Gecko) HeadlessChrome/145.0.7632.6 Safari/537.36"
[2026-09-02T04:17:36.001Z]  "GET /src/ui/pokemonStats.js" "Mozilla/5.0 (X11; Linux x86_64) AppleWebKit/537.36 (KHTML, like Gecko) HeadlessChrome/145.0.7632.6 Safari/537.36"
[2026-09-02T04:17:36.001Z]  "GET /src/ui/settings.js" "Mozilla/5.0 (X11; Linux x86_64) AppleWebKit/537.36 (KHTML, like Gecko) HeadlessChrome/145.0.7632.6 Safari/537.36"
[2026-09-02T04:17:36.001Z]  "GET /src/ui/market.js" "Mozilla/5.0 (X11; Linux x86_64) AppleWebKit/537.36 (KHTML, like Gecko) HeadlessChrome/145.0.7632.6 Safari/537.36"
[2026-09-02T04:17:36.002Z]  "GET /src/ui/backpack/index.js" "Mozilla/5.0 (X11; Linux x86_64) AppleWebKit/537.36 (KHTML, like Gecko) HeadlessChrome/145.0.7632.6 Safari/537.36"
[2026-09-02T04:17:36.002Z]  "GET /src/ui/backpack/pokemon.js" "Mozilla/5.0 (X11; Linux x86_64) AppleWebKit/537.36 (KHTML, like Gecko) HeadlessChrome/145.0.7632.6 Safari/537.36"
[2026-09-02T04:17:36.018Z]  "GET /src/ui/backpack/pokeballs.js" "Mozilla/5.0 (X11; Linux x86_64) AppleWebKit/537.36 (KHTML, like Gecko) HeadlessChrome/145.0.7632.6 Safari/537.36"
[2026-09-02T04:17:36.019Z]  "GET /src/ui/backpack/potions.js" "Mozilla/5.0 (X11; Linux x86_64) AppleWebKit/537.36 (KHTML, like Gecko) HeadlessChrome/145.0.7632.6 Safari/537.36"
[2026-09-02T04:17:36.020Z]  "GET /src/ui/backpack/stones.js" "Mozilla/5.0 (X11; Linux x86_64) AppleWebKit/537.36 (KHTML, like Gecko) HeadlessChrome/145.0.7632.6 Safari/537.36"
[2026-09-02T04:17:36.023Z]  "GET /src/ui/backpack/utils.js" "Mozilla/5.0 (X11; Linux x86_64) AppleWebKit/537.36 (KHTML, like Gecko) HeadlessChrome/145.0.7632.6 Safari/537.36"
[2026-09-02T04:17:44.143Z]  "GET /Assets/Background/BG-Daycare.png" "Mozilla/5.0 (X11; Linux x86_64) AppleWebKit/537.36 (KHTML, like Gecko) HeadlessChrome/145.0.7632.6 Safari/537.36"
[2026-09-02T04:17:44.144Z]  "GET /Assets/Background/BG-Daycare.png" Error (404): "Not found"
[2026-09-02T04:18:05.492Z]  "GET /" "Mozilla/5.0 (X11; Linux x86_64) AppleWebKit/537.36 (KHTML, like Gecko) HeadlessChrome/145.0.7632.6 Safari/537.36"
[2026-09-02T04:18:05.500Z]  "GET /styles.css" "Mozilla/5.0 (X11; Linux x86_64) AppleWebKit/537.36 (KHTML, like Gecko) HeadlessChrome/145.0.7632.6 Safari/537.36"
[2026-09-02T04:18:05.503Z]  "GET /src/ui.js" "Mozilla/5.0 (X11; Linux x86_64) AppleWebKit/537.36 (KHTML, like Gecko) HeadlessChrome/145.0.7632.6 Safari/537.36"
[2026-09-02T04:18:05.503Z]  "GET /Assets/Extra/Logo.jpg" "Mozilla/5.0 (X11; Linux x86_64) AppleWebKit/537.36 (KHTML, like Gecko) HeadlessChrome/145.0.7632.6 Safari/537.36"
[2026-09-02T04:18:05.503Z]  "GET /Assets/Pokemon%20Sprites/1.png" "Mozilla/5.0 (X11; Linux x86_64) AppleWebKit/537.36 (KHTML, like Gecko) HeadlessChrome/145.0.7632.6 Safari/537.36"
[2026-09-02T04:18:05.507Z]  "GET /Assets/Pokemon%20Sprites/4.png" "Mozilla/5.0 (X11; Linux x86_64) AppleWebKit/537.36 (KHTML, like Gecko) HeadlessChrome/145.0.7632.6 Safari/537.36"
[2026-09-02T04:18:05.508Z]  "GET /Assets/Pokemon%20Sprites/7.png" "Mozilla/5.0 (X11; Linux x86_64) AppleWebKit/537.36 (KHTML, like Gecko) HeadlessChrome/145.0.7632.6 Safari/537.36"
[2026-09-02T04:18:05.532Z]  "GET /src/mathEngine.js" "Mozilla/5.0 (X11; Linux x86_64) AppleWebKit/537.36 (KHTML, like Gecko) HeadlessChrome/145.0.7632.6 Safari/537.36"
[2026-09-02T04:18:05.534Z]  "GET /src/battleSystem.js" "Mozilla/5.0 (X11; Linux x86_64) AppleWebKit/537.36 (KHTML, like Gecko) HeadlessChrome/145.0.7632.6 Safari/537.36"
[2026-09-02T04:18:05.536Z]  "GET /src/dayCare.js" "Mozilla/5.0 (X11; Linux x86_64) AppleWebKit/537.36 (KHTML, like Gecko) HeadlessChrome/145.0.7632.6 Safari/537.36"
[2026-09-02T04:18:05.536Z]  "GET /src/storage.js" "Mozilla/5.0 (X11; Linux x86_64) AppleWebKit/537.36 (KHTML, like Gecko) HeadlessChrome/145.0.7632.6 Safari/537.36"
[2026-09-02T04:18:05.537Z]  "GET /src/state.js" "Mozilla/5.0 (X11; Linux x86_64) AppleWebKit/537.36 (KHTML, like Gecko) HeadlessChrome/145.0.7632.6 Safari/537.36"
[2026-09-02T04:18:05.537Z]  "GET /src/ui/topbar.js" "Mozilla/5.0 (X11; Linux x86_64) AppleWebKit/537.36 (KHTML, like Gecko) HeadlessChrome/145.0.7632.6 Safari/537.36"
[2026-09-02T04:18:05.538Z]  "GET /src/ui/sidebar.js" "Mozilla/5.0 (X11; Linux x86_64) AppleWebKit/537.36 (KHTML, like Gecko) HeadlessChrome/145.0.7632.6 Safari/537.36"
[2026-09-02T04:18:05.541Z]  "GET /src/ui/battle.js" "Mozilla/5.0 (X11; Linux x86_64) AppleWebKit/537.36 (KHTML, like Gecko) HeadlessChrome/145.0.7632.6 Safari/537.36"
[2026-09-02T04:18:05.543Z]  "GET /src/ui/map.js" "Mozilla/5.0 (X11; Linux x86_64) AppleWebKit/537.36 (KHTML, like Gecko) HeadlessChrome/145.0.7632.6 Safari/537.36"
[2026-09-02T04:18:05.544Z]  "GET /src/ui/pokedex.js" "Mozilla/5.0 (X11; Linux x86_64) AppleWebKit/537.36 (KHTML, like Gecko) HeadlessChrome/145.0.7632.6 Safari/537.36"
[2026-09-02T04:18:05.545Z]  "GET /src/ui/pokemonStats.js" "Mozilla/5.0 (X11; Linux x86_64) AppleWebKit/537.36 (KHTML, like Gecko) HeadlessChrome/145.0.7632.6 Safari/537.36"
[2026-09-02T04:18:05.546Z]  "GET /src/ui/settings.js" "Mozilla/5.0 (X11; Linux x86_64) AppleWebKit/537.36 (KHTML, like Gecko) HeadlessChrome/145.0.7632.6 Safari/537.36"
[2026-09-02T04:18:05.550Z]  "GET /src/ui/market.js" "Mozilla/5.0 (X11; Linux x86_64) AppleWebKit/537.36 (KHTML, like Gecko) HeadlessChrome/145.0.7632.6 Safari/537.36"
[2026-09-02T04:18:05.550Z]  "GET /src/ui/backpack/index.js" "Mozilla/5.0 (X11; Linux x86_64) AppleWebKit/537.36 (KHTML, like Gecko) HeadlessChrome/145.0.7632.6 Safari/537.36"
[2026-09-02T04:18:05.551Z]  "GET /src/ui/backpack/pokemon.js" "Mozilla/5.0 (X11; Linux x86_64) AppleWebKit/537.36 (KHTML, like Gecko) HeadlessChrome/145.0.7632.6 Safari/537.36"
[2026-09-02T04:18:05.559Z]  "GET /src/ui/backpack/pokeballs.js" "Mozilla/5.0 (X11; Linux x86_64) AppleWebKit/537.36 (KHTML, like Gecko) HeadlessChrome/145.0.7632.6 Safari/537.36"
[2026-09-02T04:18:05.560Z]  "GET /src/ui/backpack/potions.js" "Mozilla/5.0 (X11; Linux x86_64) AppleWebKit/537.36 (KHTML, like Gecko) HeadlessChrome/145.0.7632.6 Safari/537.36"
[2026-09-02T04:18:05.561Z]  "GET /src/ui/backpack/stones.js" "Mozilla/5.0 (X11; Linux x86_64) AppleWebKit/537.36 (KHTML, like Gecko) HeadlessChrome/145.0.7632.6 Safari/537.36"
[2026-09-02T04:18:05.564Z]  "GET /src/ui/backpack/utils.js" "Mozilla/5.0 (X11; Linux x86_64) AppleWebKit/537.36 (KHTML, like Gecko) HeadlessChrome/145.0.7632.6 Safari/537.36"
[2026-09-02T04:18:33.387Z]  "GET /" "Mozilla/5.0 (X11; Linux x86_64) AppleWebKit/537.36 (KHTML, like Gecko) HeadlessChrome/145.0.7632.6 Safari/537.36"
[2026-09-02T04:18:33.405Z]  "GET /styles.css" "Mozilla/5.0 (X11; Linux x86_64) AppleWebKit/537.36 (KHTML, like Gecko) HeadlessChrome/145.0.7632.6 Safari/537.36"
[2026-09-02T04:18:33.410Z]  "GET /src/ui.js" "Mozilla/5.0 (X11; Linux x86_64) AppleWebKit/537.36 (KHTML, like Gecko) HeadlessChrome/145.0.7632.6 Safari/537.36"
[2026-09-02T04:18:33.410Z]  "GET /Assets/Extra/Logo.jpg" "Mozilla/5.0 (X11; Linux x86_64) AppleWebKit/537.36 (KHTML, like Gecko) HeadlessChrome/145.0.7632.6 Safari/537.36"
[2026-09-02T04:18:33.411Z]  "GET /Assets/Pokemon%20Sprites/1.png" "Mozilla/5.0 (X11; Linux x86_64) AppleWebKit/537.36 (KHTML, like Gecko) HeadlessChrome/145.0.7632.6 Safari/537.36"
[2026-09-02T04:18:33.411Z]  "GET /Assets/Pokemon%20Sprites/4.png" "Mozilla/5.0 (X11; Linux x86_64) AppleWebKit/537.36 (KHTML, like Gecko) HeadlessChrome/145.0.7632.6 Safari/537.36"
[2026-09-02T04:18:33.411Z]  "GET /Assets/Pokemon%20Sprites/7.png" "Mozilla/5.0 (X11; Linux x86_64) AppleWebKit/537.36 (KHTML, like Gecko) HeadlessChrome/145.0.7632.6 Safari/537.36"
[2026-09-02T04:18:33.438Z]  "GET /src/mathEngine.js" "Mozilla/5.0 (X11; Linux x86_64) AppleWebKit/537.36 (KHTML, like Gecko) HeadlessChrome/145.0.7632.6 Safari/537.36"
[2026-09-02T04:18:33.439Z]  "GET /src/battleSystem.js" "Mozilla/5.0 (X11; Linux x86_64) AppleWebKit/537.36 (KHTML, like Gecko) HeadlessChrome/145.0.7632.6 Safari/537.36"
[2026-09-02T04:18:33.439Z]  "GET /src/dayCare.js" "Mozilla/5.0 (X11; Linux x86_64) AppleWebKit/537.36 (KHTML, like Gecko) HeadlessChrome/145.0.7632.6 Safari/537.36"
[2026-09-02T04:18:33.440Z]  "GET /src/storage.js" "Mozilla/5.0 (X11; Linux x86_64) AppleWebKit/537.36 (KHTML, like Gecko) HeadlessChrome/145.0.7632.6 Safari/537.36"
[2026-09-02T04:18:33.440Z]  "GET /src/state.js" "Mozilla/5.0 (X11; Linux x86_64) AppleWebKit/537.36 (KHTML, like Gecko) HeadlessChrome/145.0.7632.6 Safari/537.36"
[2026-09-02T04:18:33.441Z]  "GET /src/ui/topbar.js" "Mozilla/5.0 (X11; Linux x86_64) AppleWebKit/537.36 (KHTML, like Gecko) HeadlessChrome/145.0.7632.6 Safari/537.36"
[2026-09-02T04:18:33.442Z]  "GET /src/ui/sidebar.js" "Mozilla/5.0 (X11; Linux x86_64) AppleWebKit/537.36 (KHTML, like Gecko) HeadlessChrome/145.0.7632.6 Safari/537.36"
[2026-09-02T04:18:33.442Z]  "GET /src/ui/battle.js" "Mozilla/5.0 (X11; Linux x86_64) AppleWebKit/537.36 (KHTML, like Gecko) HeadlessChrome/145.0.7632.6 Safari/537.36"
[2026-09-02T04:18:33.447Z]  "GET /src/ui/map.js" "Mozilla/5.0 (X11; Linux x86_64) AppleWebKit/537.36 (KHTML, like Gecko) HeadlessChrome/145.0.7632.6 Safari/537.36"
[2026-09-02T04:18:33.447Z]  "GET /src/ui/pokedex.js" "Mozilla/5.0 (X11; Linux x86_64) AppleWebKit/537.36 (KHTML, like Gecko) HeadlessChrome/145.0.7632.6 Safari/537.36"
[2026-09-02T04:18:33.447Z]  "GET /src/ui/pokemonStats.js" "Mozilla/5.0 (X11; Linux x86_64) AppleWebKit/537.36 (KHTML, like Gecko) HeadlessChrome/145.0.7632.6 Safari/537.36"
[2026-09-02T04:18:33.448Z]  "GET /src/ui/settings.js" "Mozilla/5.0 (X11; Linux x86_64) AppleWebKit/537.36 (KHTML, like Gecko) HeadlessChrome/145.0.7632.6 Safari/537.36"
[2026-09-02T04:18:33.448Z]  "GET /src/ui/market.js" "Mozilla/5.0 (X11; Linux x86_64) AppleWebKit/537.36 (KHTML, like Gecko) HeadlessChrome/145.0.7632.6 Safari/537.36"
[2026-09-02T04:18:33.448Z]  "GET /src/ui/backpack/index.js" "Mozilla/5.0 (X11; Linux x86_64) AppleWebKit/537.36 (KHTML, like Gecko) HeadlessChrome/145.0.7632.6 Safari/537.36"
[2026-09-02T04:18:33.454Z]  "GET /src/ui/backpack/pokemon.js" "Mozilla/5.0 (X11; Linux x86_64) AppleWebKit/537.36 (KHTML, like Gecko) HeadlessChrome/145.0.7632.6 Safari/537.36"
[2026-09-02T04:18:33.460Z]  "GET /src/ui/backpack/pokeballs.js" "Mozilla/5.0 (X11; Linux x86_64) AppleWebKit/537.36 (KHTML, like Gecko) HeadlessChrome/145.0.7632.6 Safari/537.36"
[2026-09-02T04:18:33.461Z]  "GET /src/ui/backpack/potions.js" "Mozilla/5.0 (X11; Linux x86_64) AppleWebKit/537.36 (KHTML, like Gecko) HeadlessChrome/145.0.7632.6 Safari/537.36"
[2026-09-02T04:18:33.461Z]  "GET /src/ui/backpack/stones.js" "Mozilla/5.0 (X11; Linux x86_64) AppleWebKit/537.36 (KHTML, like Gecko) HeadlessChrome/145.0.7632.6 Safari/537.36"
[2026-09-02T04:18:33.466Z]  "GET /src/ui/backpack/utils.js" "Mozilla/5.0 (X11; Linux x86_64) AppleWebKit/537.36 (KHTML, like Gecko) HeadlessChrome/145.0.7632.6 Safari/537.36"
[2026-09-02T04:19:04.914Z]  "GET /" "Mozilla/5.0 (X11; Linux x86_64) AppleWebKit/537.36 (KHTML, like Gecko) HeadlessChrome/145.0.7632.6 Safari/537.36"
[2026-09-02T04:19:04.923Z]  "GET /styles.css" "Mozilla/5.0 (X11; Linux x86_64) AppleWebKit/537.36 (KHTML, like Gecko) HeadlessChrome/145.0.7632.6 Safari/537.36"
[2026-09-02T04:19:04.930Z]  "GET /src/ui.js" "Mozilla/5.0 (X11; Linux x86_64) AppleWebKit/537.36 (KHTML, like Gecko) HeadlessChrome/145.0.7632.6 Safari/537.36"
[2026-09-02T04:19:04.930Z]  "GET /Assets/Extra/Logo.jpg" "Mozilla/5.0 (X11; Linux x86_64) AppleWebKit/537.36 (KHTML, like Gecko) HeadlessChrome/145.0.7632.6 Safari/537.36"
[2026-09-02T04:19:04.930Z]  "GET /Assets/Pokemon%20Sprites/1.png" "Mozilla/5.0 (X11; Linux x86_64) AppleWebKit/537.36 (KHTML, like Gecko) HeadlessChrome/145.0.7632.6 Safari/537.36"
[2026-09-02T04:19:04.931Z]  "GET /Assets/Pokemon%20Sprites/4.png" "Mozilla/5.0 (X11; Linux x86_64) AppleWebKit/537.36 (KHTML, like Gecko) HeadlessChrome/145.0.7632.6 Safari/537.36"
[2026-09-02T04:19:04.931Z]  "GET /Assets/Pokemon%20Sprites/7.png" "Mozilla/5.0 (X11; Linux x86_64) AppleWebKit/537.36 (KHTML, like Gecko) HeadlessChrome/145.0.7632.6 Safari/537.36"
[2026-09-02T04:19:04.945Z]  "GET /src/mathEngine.js" "Mozilla/5.0 (X11; Linux x86_64) AppleWebKit/537.36 (KHTML, like Gecko) HeadlessChrome/145.0.7632.6 Safari/537.36"
[2026-09-02T04:19:04.949Z]  "GET /src/battleSystem.js" "Mozilla/5.0 (X11; Linux x86_64) AppleWebKit/537.36 (KHTML, like Gecko) HeadlessChrome/145.0.7632.6 Safari/537.36"
[2026-09-02T04:19:04.950Z]  "GET /src/dayCare.js" "Mozilla/5.0 (X11; Linux x86_64) AppleWebKit/537.36 (KHTML, like Gecko) HeadlessChrome/145.0.7632.6 Safari/537.36"
[2026-09-02T04:19:04.950Z]  "GET /src/storage.js" "Mozilla/5.0 (X11; Linux x86_64) AppleWebKit/537.36 (KHTML, like Gecko) HeadlessChrome/145.0.7632.6 Safari/537.36"
[2026-09-02T04:19:04.955Z]  "GET /src/state.js" "Mozilla/5.0 (X11; Linux x86_64) AppleWebKit/537.36 (KHTML, like Gecko) HeadlessChrome/145.0.7632.6 Safari/537.36"
[2026-09-02T04:19:04.956Z]  "GET /src/ui/topbar.js" "Mozilla/5.0 (X11; Linux x86_64) AppleWebKit/537.36 (KHTML, like Gecko) HeadlessChrome/145.0.7632.6 Safari/537.36"
[2026-09-02T04:19:04.963Z]  "GET /src/ui/sidebar.js" "Mozilla/5.0 (X11; Linux x86_64) AppleWebKit/537.36 (KHTML, like Gecko) HeadlessChrome/145.0.7632.6 Safari/537.36"
[2026-09-02T04:19:04.963Z]  "GET /src/ui/battle.js" "Mozilla/5.0 (X11; Linux x86_64) AppleWebKit/537.36 (KHTML, like Gecko) HeadlessChrome/145.0.7632.6 Safari/537.36"
[2026-09-02T04:19:04.964Z]  "GET /src/ui/map.js" "Mozilla/5.0 (X11; Linux x86_64) AppleWebKit/537.36 (KHTML, like Gecko) HeadlessChrome/145.0.7632.6 Safari/537.36"
[2026-09-02T04:19:04.964Z]  "GET /src/ui/pokedex.js" "Mozilla/5.0 (X11; Linux x86_64) AppleWebKit/537.36 (KHTML, like Gecko) HeadlessChrome/145.0.7632.6 Safari/537.36"
[2026-09-02T04:19:04.964Z]  "GET /src/ui/pokemonStats.js" "Mozilla/5.0 (X11; Linux x86_64) AppleWebKit/537.36 (KHTML, like Gecko) HeadlessChrome/145.0.7632.6 Safari/537.36"
[2026-09-02T04:19:04.968Z]  "GET /src/ui/settings.js" "Mozilla/5.0 (X11; Linux x86_64) AppleWebKit/537.36 (KHTML, like Gecko) HeadlessChrome/145.0.7632.6 Safari/537.36"
[2026-09-02T04:19:04.972Z]  "GET /src/ui/market.js" "Mozilla/5.0 (X11; Linux x86_64) AppleWebKit/537.36 (KHTML, like Gecko) HeadlessChrome/145.0.7632.6 Safari/537.36"
[2026-09-02T04:19:04.972Z]  "GET /src/ui/backpack/index.js" "Mozilla/5.0 (X11; Linux x86_64) AppleWebKit/537.36 (KHTML, like Gecko) HeadlessChrome/145.0.7632.6 Safari/537.36"
[2026-09-02T04:19:04.972Z]  "GET /src/ui/backpack/pokemon.js" "Mozilla/5.0 (X11; Linux x86_64) AppleWebKit/537.36 (KHTML, like Gecko) HeadlessChrome/145.0.7632.6 Safari/537.36"
[2026-09-02T04:19:04.978Z]  "GET /src/ui/backpack/pokeballs.js" "Mozilla/5.0 (X11; Linux x86_64) AppleWebKit/537.36 (KHTML, like Gecko) HeadlessChrome/145.0.7632.6 Safari/537.36"
[2026-09-02T04:19:04.979Z]  "GET /src/ui/backpack/potions.js" "Mozilla/5.0 (X11; Linux x86_64) AppleWebKit/537.36 (KHTML, like Gecko) HeadlessChrome/145.0.7632.6 Safari/537.36"
[2026-09-02T04:19:04.979Z]  "GET /src/ui/backpack/stones.js" "Mozilla/5.0 (X11; Linux x86_64) AppleWebKit/537.36 (KHTML, like Gecko) HeadlessChrome/145.0.7632.6 Safari/537.36"
[2026-09-02T04:19:04.982Z]  "GET /src/ui/backpack/utils.js" "Mozilla/5.0 (X11; Linux x86_64) AppleWebKit/537.36 (KHTML, like Gecko) HeadlessChrome/145.0.7632.6 Safari/537.36"
[2026-09-02T04:19:14.018Z]  "GET /Assets/Background/BG-Daycare.png" "Mozilla/5.0 (X11; Linux x86_64) AppleWebKit/537.36 (KHTML, like Gecko) HeadlessChrome/145.0.7632.6 Safari/537.36"
[2026-09-02T04:19:14.019Z]  "GET /Assets/Background/BG-Daycare.png" Error (404): "Not found"
[2026-09-02T04:19:42.052Z]  "GET /" "Mozilla/5.0 (X11; Linux x86_64) AppleWebKit/537.36 (KHTML, like Gecko) HeadlessChrome/145.0.7632.6 Safari/537.36"
[2026-09-02T04:19:42.062Z]  "GET /styles.css" "Mozilla/5.0 (X11; Linux x86_64) AppleWebKit/537.36 (KHTML, like Gecko) HeadlessChrome/145.0.7632.6 Safari/537.36"
[2026-09-02T04:19:42.067Z]  "GET /src/ui.js" "Mozilla/5.0 (X11; Linux x86_64) AppleWebKit/537.36 (KHTML, like Gecko) HeadlessChrome/145.0.7632.6 Safari/537.36"
[2026-09-02T04:19:42.067Z]  "GET /Assets/Extra/Logo.jpg" "Mozilla/5.0 (X11; Linux x86_64) AppleWebKit/537.36 (KHTML, like Gecko) HeadlessChrome/145.0.7632.6 Safari/537.36"
[2026-09-02T04:19:42.067Z]  "GET /Assets/Pokemon%20Sprites/1.png" "Mozilla/5.0 (X11; Linux x86_64) AppleWebKit/537.36 (KHTML, like Gecko) HeadlessChrome/145.0.7632.6 Safari/537.36"
[2026-09-02T04:19:42.067Z]  "GET /Assets/Pokemon%20Sprites/4.png" "Mozilla/5.0 (X11; Linux x86_64) AppleWebKit/537.36 (KHTML, like Gecko) HeadlessChrome/145.0.7632.6 Safari/537.36"
[2026-09-02T04:19:42.068Z]  "GET /Assets/Pokemon%20Sprites/7.png" "Mozilla/5.0 (X11; Linux x86_64) AppleWebKit/537.36 (KHTML, like Gecko) HeadlessChrome/145.0.7632.6 Safari/537.36"
[2026-09-02T04:19:42.078Z]  "GET /src/mathEngine.js" "Mozilla/5.0 (X11; Linux x86_64) AppleWebKit/537.36 (KHTML, like Gecko) HeadlessChrome/145.0.7632.6 Safari/537.36"
[2026-09-02T04:19:42.078Z]  "GET /src/battleSystem.js" "Mozilla/5.0 (X11; Linux x86_64) AppleWebKit/537.36 (KHTML, like Gecko) HeadlessChrome/145.0.7632.6 Safari/537.36"
[2026-09-02T04:19:42.079Z]  "GET /src/dayCare.js" "Mozilla/5.0 (X11; Linux x86_64) AppleWebKit/537.36 (KHTML, like Gecko) HeadlessChrome/145.0.7632.6 Safari/537.36"
[2026-09-02T04:19:42.079Z]  "GET /src/storage.js" "Mozilla/5.0 (X11; Linux x86_64) AppleWebKit/537.36 (KHTML, like Gecko) HeadlessChrome/145.0.7632.6 Safari/537.36"
[2026-09-02T04:19:42.079Z]  "GET /src/state.js" "Mozilla/5.0 (X11; Linux x86_64) AppleWebKit/537.36 (KHTML, like Gecko) HeadlessChrome/145.0.7632.6 Safari/537.36"
[2026-09-02T04:19:42.084Z]  "GET /src/ui/topbar.js" "Mozilla/5.0 (X11; Linux x86_64) AppleWebKit/537.36 (KHTML, like Gecko) HeadlessChrome/145.0.7632.6 Safari/537.36"
[2026-09-02T04:19:42.084Z]  "GET /src/ui/sidebar.js" "Mozilla/5.0 (X11; Linux x86_64) AppleWebKit/537.36 (KHTML, like Gecko) HeadlessChrome/145.0.7632.6 Safari/537.36"
[2026-09-02T04:19:42.084Z]  "GET /src/ui/battle.js" "Mozilla/5.0 (X11; Linux x86_64) AppleWebKit/537.36 (KHTML, like Gecko) HeadlessChrome/145.0.7632.6 Safari/537.36"
[2026-09-02T04:19:42.085Z]  "GET /src/ui/map.js" "Mozilla/5.0 (X11; Linux x86_64) AppleWebKit/537.36 (KHTML, like Gecko) HeadlessChrome/145.0.7632.6 Safari/537.36"
[2026-09-02T04:19:42.086Z]  "GET /src/ui/pokedex.js" "Mozilla/5.0 (X11; Linux x86_64) AppleWebKit/537.36 (KHTML, like Gecko) HeadlessChrome/145.0.7632.6 Safari/537.36"
[2026-09-02T04:19:42.091Z]  "GET /src/ui/pokemonStats.js" "Mozilla/5.0 (X11; Linux x86_64) AppleWebKit/537.36 (KHTML, like Gecko) HeadlessChrome/145.0.7632.6 Safari/537.36"
[2026-09-02T04:19:42.091Z]  "GET /src/ui/settings.js" "Mozilla/5.0 (X11; Linux x86_64) AppleWebKit/537.36 (KHTML, like Gecko) HeadlessChrome/145.0.7632.6 Safari/537.36"
[2026-09-02T04:19:42.091Z]  "GET /src/ui/market.js" "Mozilla/5.0 (X11; Linux x86_64) AppleWebKit/537.36 (KHTML, like Gecko) HeadlessChrome/145.0.7632.6 Safari/537.36"
[2026-09-02T04:19:42.091Z]  "GET /src/ui/backpack/index.js" "Mozilla/5.0 (X11; Linux x86_64) AppleWebKit/537.36 (KHTML, like Gecko) HeadlessChrome/145.0.7632.6 Safari/537.36"
[2026-09-02T04:19:42.095Z]  "GET /src/ui/backpack/pokemon.js" "Mozilla/5.0 (X11; Linux x86_64) AppleWebKit/537.36 (KHTML, like Gecko) HeadlessChrome/145.0.7632.6 Safari/537.36"
[2026-09-02T04:19:42.110Z]  "GET /src/ui/backpack/pokeballs.js" "Mozilla/5.0 (X11; Linux x86_64) AppleWebKit/537.36 (KHTML, like Gecko) HeadlessChrome/145.0.7632.6 Safari/537.36"
[2026-09-02T04:19:42.110Z]  "GET /src/ui/backpack/potions.js" "Mozilla/5.0 (X11; Linux x86_64) AppleWebKit/537.36 (KHTML, like Gecko) HeadlessChrome/145.0.7632.6 Safari/537.36"
[2026-09-02T04:19:42.110Z]  "GET /src/ui/backpack/stones.js" "Mozilla/5.0 (X11; Linux x86_64) AppleWebKit/537.36 (KHTML, like Gecko) HeadlessChrome/145.0.7632.6 Safari/537.36"
[2026-09-02T04:19:42.115Z]  "GET /src/ui/backpack/utils.js" "Mozilla/5.0 (X11; Linux x86_64) AppleWebKit/537.36 (KHTML, like Gecko) HeadlessChrome/145.0.7632.6 Safari/537.36"
[2026-09-02T04:19:51.151Z]  "GET /Assets/Background/BG-Daycare.png" "Mozilla/5.0 (X11; Linux x86_64) AppleWebKit/537.36 (KHTML, like Gecko) HeadlessChrome/145.0.7632.6 Safari/537.36"
[2026-09-02T04:19:51.151Z]  "GET /Assets/Background/BG-Daycare.png" Error (404): "Not found"
[2026-09-02T04:20:16.740Z]  "GET /" "Mozilla/5.0 (X11; Linux x86_64) AppleWebKit/537.36 (KHTML, like Gecko) HeadlessChrome/145.0.7632.6 Safari/537.36"
[2026-09-02T04:20:16.753Z]  "GET /styles.css" "Mozilla/5.0 (X11; Linux x86_64) AppleWebKit/537.36 (KHTML, like Gecko) HeadlessChrome/145.0.7632.6 Safari/537.36"
[2026-09-02T04:20:16.754Z]  "GET /src/ui.js" "Mozilla/5.0 (X11; Linux x86_64) AppleWebKit/537.36 (KHTML, like Gecko) HeadlessChrome/145.0.7632.6 Safari/537.36"
[2026-09-02T04:20:16.756Z]  "GET /Assets/Extra/Logo.jpg" "Mozilla/5.0 (X11; Linux x86_64) AppleWebKit/537.36 (KHTML, like Gecko) HeadlessChrome/145.0.7632.6 Safari/537.36"
[2026-09-02T04:20:16.756Z]  "GET /Assets/Pokemon%20Sprites/1.png" "Mozilla/5.0 (X11; Linux x86_64) AppleWebKit/537.36 (KHTML, like Gecko) HeadlessChrome/145.0.7632.6 Safari/537.36"
[2026-09-02T04:20:16.756Z]  "GET /Assets/Pokemon%20Sprites/4.png" "Mozilla/5.0 (X11; Linux x86_64) AppleWebKit/537.36 (KHTML, like Gecko) HeadlessChrome/145.0.7632.6 Safari/537.36"
[2026-09-02T04:20:16.757Z]  "GET /Assets/Pokemon%20Sprites/7.png" "Mozilla/5.0 (X11; Linux x86_64) AppleWebKit/537.36 (KHTML, like Gecko) HeadlessChrome/145.0.7632.6 Safari/537.36"
[2026-09-02T04:20:16.787Z]  "GET /src/mathEngine.js" "Mozilla/5.0 (X11; Linux x86_64) AppleWebKit/537.36 (KHTML, like Gecko) HeadlessChrome/145.0.7632.6 Safari/537.36"
[2026-09-02T04:20:16.789Z]  "GET /src/battleSystem.js" "Mozilla/5.0 (X11; Linux x86_64) AppleWebKit/537.36 (KHTML, like Gecko) HeadlessChrome/145.0.7632.6 Safari/537.36"
[2026-09-02T04:20:16.791Z]  "GET /src/dayCare.js" "Mozilla/5.0 (X11; Linux x86_64) AppleWebKit/537.36 (KHTML, like Gecko) HeadlessChrome/145.0.7632.6 Safari/537.36"
[2026-09-02T04:20:16.791Z]  "GET /src/storage.js" "Mozilla/5.0 (X11; Linux x86_64) AppleWebKit/537.36 (KHTML, like Gecko) HeadlessChrome/145.0.7632.6 Safari/537.36"
[2026-09-02T04:20:16.791Z]  "GET /src/state.js" "Mozilla/5.0 (X11; Linux x86_64) AppleWebKit/537.36 (KHTML, like Gecko) HeadlessChrome/145.0.7632.6 Safari/537.36"
[2026-09-02T04:20:16.792Z]  "GET /src/ui/topbar.js" "Mozilla/5.0 (X11; Linux x86_64) AppleWebKit/537.36 (KHTML, like Gecko) HeadlessChrome/145.0.7632.6 Safari/537.36"
[2026-09-02T04:20:16.792Z]  "GET /src/ui/sidebar.js" "Mozilla/5.0 (X11; Linux x86_64) AppleWebKit/537.36 (KHTML, like Gecko) HeadlessChrome/145.0.7632.6 Safari/537.36"
[2026-09-02T04:20:16.797Z]  "GET /src/ui/battle.js" "Mozilla/5.0 (X11; Linux x86_64) AppleWebKit/537.36 (KHTML, like Gecko) HeadlessChrome/145.0.7632.6 Safari/537.36"
[2026-09-02T04:20:16.797Z]  "GET /src/ui/map.js" "Mozilla/5.0 (X11; Linux x86_64) AppleWebKit/537.36 (KHTML, like Gecko) HeadlessChrome/145.0.7632.6 Safari/537.36"
[2026-09-02T04:20:16.798Z]  "GET /src/ui/pokedex.js" "Mozilla/5.0 (X11; Linux x86_64) AppleWebKit/537.36 (KHTML, like Gecko) HeadlessChrome/145.0.7632.6 Safari/537.36"
[2026-09-02T04:20:16.798Z]  "GET /src/ui/pokemonStats.js" "Mozilla/5.0 (X11; Linux x86_64) AppleWebKit/537.36 (KHTML, like Gecko) HeadlessChrome/145.0.7632.6 Safari/537.36"
[2026-09-02T04:20:16.798Z]  "GET /src/ui/settings.js" "Mozilla/5.0 (X11; Linux x86_64) AppleWebKit/537.36 (KHTML, like Gecko) HeadlessChrome/145.0.7632.6 Safari/537.36"
[2026-09-02T04:20:16.800Z]  "GET /src/ui/market.js" "Mozilla/5.0 (X11; Linux x86_64) AppleWebKit/537.36 (KHTML, like Gecko) HeadlessChrome/145.0.7632.6 Safari/537.36"
[2026-09-02T04:20:16.806Z]  "GET /src/ui/backpack/index.js" "Mozilla/5.0 (X11; Linux x86_64) AppleWebKit/537.36 (KHTML, like Gecko) HeadlessChrome/145.0.7632.6 Safari/537.36"
[2026-09-02T04:20:16.806Z]  "GET /src/ui/backpack/pokemon.js" "Mozilla/5.0 (X11; Linux x86_64) AppleWebKit/537.36 (KHTML, like Gecko) HeadlessChrome/145.0.7632.6 Safari/537.36"
[2026-09-02T04:20:16.812Z]  "GET /src/ui/backpack/pokeballs.js" "Mozilla/5.0 (X11; Linux x86_64) AppleWebKit/537.36 (KHTML, like Gecko) HeadlessChrome/145.0.7632.6 Safari/537.36"
[2026-09-02T04:20:16.812Z]  "GET /src/ui/backpack/potions.js" "Mozilla/5.0 (X11; Linux x86_64) AppleWebKit/537.36 (KHTML, like Gecko) HeadlessChrome/145.0.7632.6 Safari/537.36"
[2026-09-02T04:20:16.813Z]  "GET /src/ui/backpack/stones.js" "Mozilla/5.0 (X11; Linux x86_64) AppleWebKit/537.36 (KHTML, like Gecko) HeadlessChrome/145.0.7632.6 Safari/537.36"
[2026-09-02T04:20:16.817Z]  "GET /src/ui/backpack/utils.js" "Mozilla/5.0 (X11; Linux x86_64) AppleWebKit/537.36 (KHTML, like Gecko) HeadlessChrome/145.0.7632.6 Safari/537.36"
[2026-09-02T04:20:44.654Z]  "GET /" "Mozilla/5.0 (X11; Linux x86_64) AppleWebKit/537.36 (KHTML, like Gecko) HeadlessChrome/145.0.7632.6 Safari/537.36"
[2026-09-02T04:20:44.664Z]  "GET /styles.css" "Mozilla/5.0 (X11; Linux x86_64) AppleWebKit/537.36 (KHTML, like Gecko) HeadlessChrome/145.0.7632.6 Safari/537.36"
[2026-09-02T04:20:44.665Z]  "GET /src/ui.js" "Mozilla/5.0 (X11; Linux x86_64) AppleWebKit/537.36 (KHTML, like Gecko) HeadlessChrome/145.0.7632.6 Safari/537.36"
[2026-09-02T04:20:44.665Z]  "GET /Assets/Extra/Logo.jpg" "Mozilla/5.0 (X11; Linux x86_64) AppleWebKit/537.36 (KHTML, like Gecko) HeadlessChrome/145.0.7632.6 Safari/537.36"
[2026-09-02T04:20:44.665Z]  "GET /Assets/Pokemon%20Sprites/1.png" "Mozilla/5.0 (X11; Linux x86_64) AppleWebKit/537.36 (KHTML, like Gecko) HeadlessChrome/145.0.7632.6 Safari/537.36"
[2026-09-02T04:20:44.668Z]  "GET /Assets/Pokemon%20Sprites/4.png" "Mozilla/5.0 (X11; Linux x86_64) AppleWebKit/537.36 (KHTML, like Gecko) HeadlessChrome/145.0.7632.6 Safari/537.36"
[2026-09-02T04:20:44.671Z]  "GET /Assets/Pokemon%20Sprites/7.png" "Mozilla/5.0 (X11; Linux x86_64) AppleWebKit/537.36 (KHTML, like Gecko) HeadlessChrome/145.0.7632.6 Safari/537.36"
[2026-09-02T04:20:44.689Z]  "GET /src/mathEngine.js" "Mozilla/5.0 (X11; Linux x86_64) AppleWebKit/537.36 (KHTML, like Gecko) HeadlessChrome/145.0.7632.6 Safari/537.36"
[2026-09-02T04:20:44.690Z]  "GET /src/battleSystem.js" "Mozilla/5.0 (X11; Linux x86_64) AppleWebKit/537.36 (KHTML, like Gecko) HeadlessChrome/145.0.7632.6 Safari/537.36"
[2026-09-02T04:20:44.690Z]  "GET /src/dayCare.js" "Mozilla/5.0 (X11; Linux x86_64) AppleWebKit/537.36 (KHTML, like Gecko) HeadlessChrome/145.0.7632.6 Safari/537.36"
[2026-09-02T04:20:44.690Z]  "GET /src/storage.js" "Mozilla/5.0 (X11; Linux x86_64) AppleWebKit/537.36 (KHTML, like Gecko) HeadlessChrome/145.0.7632.6 Safari/537.36"
[2026-09-02T04:20:44.690Z]  "GET /src/state.js" "Mozilla/5.0 (X11; Linux x86_64) AppleWebKit/537.36 (KHTML, like Gecko) HeadlessChrome/145.0.7632.6 Safari/537.36"
[2026-09-02T04:20:44.694Z]  "GET /src/ui/topbar.js" "Mozilla/5.0 (X11; Linux x86_64) AppleWebKit/537.36 (KHTML, like Gecko) HeadlessChrome/145.0.7632.6 Safari/537.36"
[2026-09-02T04:20:44.696Z]  "GET /src/ui/sidebar.js" "Mozilla/5.0 (X11; Linux x86_64) AppleWebKit/537.36 (KHTML, like Gecko) HeadlessChrome/145.0.7632.6 Safari/537.36"
[2026-09-02T04:20:44.696Z]  "GET /src/ui/battle.js" "Mozilla/5.0 (X11; Linux x86_64) AppleWebKit/537.36 (KHTML, like Gecko) HeadlessChrome/145.0.7632.6 Safari/537.36"
[2026-09-02T04:20:44.697Z]  "GET /src/ui/map.js" "Mozilla/5.0 (X11; Linux x86_64) AppleWebKit/537.36 (KHTML, like Gecko) HeadlessChrome/145.0.7632.6 Safari/537.36"
[2026-09-02T04:20:44.697Z]  "GET /src/ui/pokedex.js" "Mozilla/5.0 (X11; Linux x86_64) AppleWebKit/537.36 (KHTML, like Gecko) HeadlessChrome/145.0.7632.6 Safari/537.36"
[2026-09-02T04:20:44.697Z]  "GET /src/ui/pokemonStats.js" "Mozilla/5.0 (X11; Linux x86_64) AppleWebKit/537.36 (KHTML, like Gecko) HeadlessChrome/145.0.7632.6 Safari/537.36"
[2026-09-02T04:20:44.699Z]  "GET /src/ui/settings.js" "Mozilla/5.0 (X11; Linux x86_64) AppleWebKit/537.36 (KHTML, like Gecko) HeadlessChrome/145.0.7632.6 Safari/537.36"
[2026-09-02T04:20:44.699Z]  "GET /src/ui/market.js" "Mozilla/5.0 (X11; Linux x86_64) AppleWebKit/537.36 (KHTML, like Gecko) HeadlessChrome/145.0.7632.6 Safari/537.36"
[2026-09-02T04:20:44.703Z]  "GET /src/ui/backpack/index.js" "Mozilla/5.0 (X11; Linux x86_64) AppleWebKit/537.36 (KHTML, like Gecko) HeadlessChrome/145.0.7632.6 Safari/537.36"
[2026-09-02T04:20:44.703Z]  "GET /src/ui/backpack/pokemon.js" "Mozilla/5.0 (X11; Linux x86_64) AppleWebKit/537.36 (KHTML, like Gecko) HeadlessChrome/145.0.7632.6 Safari/537.36"
[2026-09-02T04:20:44.713Z]  "GET /src/ui/backpack/pokeballs.js" "Mozilla/5.0 (X11; Linux x86_64) AppleWebKit/537.36 (KHTML, like Gecko) HeadlessChrome/145.0.7632.6 Safari/537.36"
[2026-09-02T04:20:44.713Z]  "GET /src/ui/backpack/potions.js" "Mozilla/5.0 (X11; Linux x86_64) AppleWebKit/537.36 (KHTML, like Gecko) HeadlessChrome/145.0.7632.6 Safari/537.36"
[2026-09-02T04:20:44.713Z]  "GET /src/ui/backpack/stones.js" "Mozilla/5.0 (X11; Linux x86_64) AppleWebKit/537.36 (KHTML, like Gecko) HeadlessChrome/145.0.7632.6 Safari/537.36"
[2026-09-02T04:20:44.717Z]  "GET /src/ui/backpack/utils.js" "Mozilla/5.0 (X11; Linux x86_64) AppleWebKit/537.36 (KHTML, like Gecko) HeadlessChrome/145.0.7632.6 Safari/537.36"
[2026-09-02T04:21:18.423Z]  "GET /" "Mozilla/5.0 (X11; Linux x86_64) AppleWebKit/537.36 (KHTML, like Gecko) HeadlessChrome/145.0.7632.6 Safari/537.36"
[2026-09-02T04:21:18.434Z]  "GET /styles.css" "Mozilla/5.0 (X11; Linux x86_64) AppleWebKit/537.36 (KHTML, like Gecko) HeadlessChrome/145.0.7632.6 Safari/537.36"
[2026-09-02T04:21:18.440Z]  "GET /src/ui.js" "Mozilla/5.0 (X11; Linux x86_64) AppleWebKit/537.36 (KHTML, like Gecko) HeadlessChrome/145.0.7632.6 Safari/537.36"
[2026-09-02T04:21:18.441Z]  "GET /Assets/Extra/Logo.jpg" "Mozilla/5.0 (X11; Linux x86_64) AppleWebKit/537.36 (KHTML, like Gecko) HeadlessChrome/145.0.7632.6 Safari/537.36"
[2026-09-02T04:21:18.441Z]  "GET /Assets/Pokemon%20Sprites/1.png" "Mozilla/5.0 (X11; Linux x86_64) AppleWebKit/537.36 (KHTML, like Gecko) HeadlessChrome/145.0.7632.6 Safari/537.36"
[2026-09-02T04:21:18.441Z]  "GET /Assets/Pokemon%20Sprites/4.png" "Mozilla/5.0 (X11; Linux x86_64) AppleWebKit/537.36 (KHTML, like Gecko) HeadlessChrome/145.0.7632.6 Safari/537.36"
[2026-09-02T04:21:18.442Z]  "GET /Assets/Pokemon%20Sprites/7.png" "Mozilla/5.0 (X11; Linux x86_64) AppleWebKit/537.36 (KHTML, like Gecko) HeadlessChrome/145.0.7632.6 Safari/537.36"
[2026-09-02T04:21:18.469Z]  "GET /src/mathEngine.js" "Mozilla/5.0 (X11; Linux x86_64) AppleWebKit/537.36 (KHTML, like Gecko) HeadlessChrome/145.0.7632.6 Safari/537.36"
[2026-09-02T04:21:18.470Z]  "GET /src/battleSystem.js" "Mozilla/5.0 (X11; Linux x86_64) AppleWebKit/537.36 (KHTML, like Gecko) HeadlessChrome/145.0.7632.6 Safari/537.36"
[2026-09-02T04:21:18.470Z]  "GET /src/dayCare.js" "Mozilla/5.0 (X11; Linux x86_64) AppleWebKit/537.36 (KHTML, like Gecko) HeadlessChrome/145.0.7632.6 Safari/537.36"
[2026-09-02T04:21:18.470Z]  "GET /src/storage.js" "Mozilla/5.0 (X11; Linux x86_64) AppleWebKit/537.36 (KHTML, like Gecko) HeadlessChrome/145.0.7632.6 Safari/537.36"
[2026-09-02T04:21:18.471Z]  "GET /src/state.js" "Mozilla/5.0 (X11; Linux x86_64) AppleWebKit/537.36 (KHTML, like Gecko) HeadlessChrome/145.0.7632.6 Safari/537.36"
[2026-09-02T04:21:18.471Z]  "GET /src/ui/topbar.js" "Mozilla/5.0 (X11; Linux x86_64) AppleWebKit/537.36 (KHTML, like Gecko) HeadlessChrome/145.0.7632.6 Safari/537.36"
[2026-09-02T04:21:18.479Z]  "GET /src/ui/sidebar.js" "Mozilla/5.0 (X11; Linux x86_64) AppleWebKit/537.36 (KHTML, like Gecko) HeadlessChrome/145.0.7632.6 Safari/537.36"
[2026-09-02T04:21:18.479Z]  "GET /src/ui/battle.js" "Mozilla/5.0 (X11; Linux x86_64) AppleWebKit/537.36 (KHTML, like Gecko) HeadlessChrome/145.0.7632.6 Safari/537.36"
[2026-09-02T04:21:18.479Z]  "GET /src/ui/map.js" "Mozilla/5.0 (X11; Linux x86_64) AppleWebKit/537.36 (KHTML, like Gecko) HeadlessChrome/145.0.7632.6 Safari/537.36"
[2026-09-02T04:21:18.479Z]  "GET /src/ui/pokedex.js" "Mozilla/5.0 (X11; Linux x86_64) AppleWebKit/537.36 (KHTML, like Gecko) HeadlessChrome/145.0.7632.6 Safari/537.36"
[2026-09-02T04:21:18.480Z]  "GET /src/ui/pokemonStats.js" "Mozilla/5.0 (X11; Linux x86_64) AppleWebKit/537.36 (KHTML, like Gecko) HeadlessChrome/145.0.7632.6 Safari/537.36"
[2026-09-02T04:21:18.480Z]  "GET /src/ui/settings.js" "Mozilla/5.0 (X11; Linux x86_64) AppleWebKit/537.36 (KHTML, like Gecko) HeadlessChrome/145.0.7632.6 Safari/537.36"
[2026-09-02T04:21:18.485Z]  "GET /src/ui/market.js" "Mozilla/5.0 (X11; Linux x86_64) AppleWebKit/537.36 (KHTML, like Gecko) HeadlessChrome/145.0.7632.6 Safari/537.36"
[2026-09-02T04:21:18.485Z]  "GET /src/ui/backpack/index.js" "Mozilla/5.0 (X11; Linux x86_64) AppleWebKit/537.36 (KHTML, like Gecko) HeadlessChrome/145.0.7632.6 Safari/537.36"
[2026-09-02T04:21:18.486Z]  "GET /src/ui/backpack/pokemon.js" "Mozilla/5.0 (X11; Linux x86_64) AppleWebKit/537.36 (KHTML, like Gecko) HeadlessChrome/145.0.7632.6 Safari/537.36"
[2026-09-02T04:21:18.493Z]  "GET /src/ui/backpack/pokeballs.js" "Mozilla/5.0 (X11; Linux x86_64) AppleWebKit/537.36 (KHTML, like Gecko) HeadlessChrome/145.0.7632.6 Safari/537.36"
[2026-09-02T04:21:18.494Z]  "GET /src/ui/backpack/potions.js" "Mozilla/5.0 (X11; Linux x86_64) AppleWebKit/537.36 (KHTML, like Gecko) HeadlessChrome/145.0.7632.6 Safari/537.36"
[2026-09-02T04:21:18.496Z]  "GET /src/ui/backpack/stones.js" "Mozilla/5.0 (X11; Linux x86_64) AppleWebKit/537.36 (KHTML, like Gecko) HeadlessChrome/145.0.7632.6 Safari/537.36"
[2026-09-02T04:21:18.499Z]  "GET /src/ui/backpack/utils.js" "Mozilla/5.0 (X11; Linux x86_64) AppleWebKit/537.36 (KHTML, like Gecko) HeadlessChrome/145.0.7632.6 Safari/537.36"
[2026-09-02T04:21:46.251Z]  "GET /" "Mozilla/5.0 (X11; Linux x86_64) AppleWebKit/537.36 (KHTML, like Gecko) HeadlessChrome/145.0.7632.6 Safari/537.36"
[2026-09-02T04:21:46.258Z]  "GET /styles.css" "Mozilla/5.0 (X11; Linux x86_64) AppleWebKit/537.36 (KHTML, like Gecko) HeadlessChrome/145.0.7632.6 Safari/537.36"
[2026-09-02T04:21:46.261Z]  "GET /src/ui.js" "Mozilla/5.0 (X11; Linux x86_64) AppleWebKit/537.36 (KHTML, like Gecko) HeadlessChrome/145.0.7632.6 Safari/537.36"
[2026-09-02T04:21:46.261Z]  "GET /Assets/Extra/Logo.jpg" "Mozilla/5.0 (X11; Linux x86_64) AppleWebKit/537.36 (KHTML, like Gecko) HeadlessChrome/145.0.7632.6 Safari/537.36"
[2026-09-02T04:21:46.262Z]  "GET /Assets/Pokemon%20Sprites/1.png" "Mozilla/5.0 (X11; Linux x86_64) AppleWebKit/537.36 (KHTML, like Gecko) HeadlessChrome/145.0.7632.6 Safari/537.36"
[2026-09-02T04:21:46.265Z]  "GET /Assets/Pokemon%20Sprites/4.png" "Mozilla/5.0 (X11; Linux x86_64) AppleWebKit/537.36 (KHTML, like Gecko) HeadlessChrome/145.0.7632.6 Safari/537.36"
[2026-09-02T04:21:46.266Z]  "GET /Assets/Pokemon%20Sprites/7.png" "Mozilla/5.0 (X11; Linux x86_64) AppleWebKit/537.36 (KHTML, like Gecko) HeadlessChrome/145.0.7632.6 Safari/537.36"
[2026-09-02T04:21:46.280Z]  "GET /src/mathEngine.js" "Mozilla/5.0 (X11; Linux x86_64) AppleWebKit/537.36 (KHTML, like Gecko) HeadlessChrome/145.0.7632.6 Safari/537.36"
[2026-09-02T04:21:46.281Z]  "GET /src/battleSystem.js" "Mozilla/5.0 (X11; Linux x86_64) AppleWebKit/537.36 (KHTML, like Gecko) HeadlessChrome/145.0.7632.6 Safari/537.36"
[2026-09-02T04:21:46.282Z]  "GET /src/dayCare.js" "Mozilla/5.0 (X11; Linux x86_64) AppleWebKit/537.36 (KHTML, like Gecko) HeadlessChrome/145.0.7632.6 Safari/537.36"
[2026-09-02T04:21:46.282Z]  "GET /src/storage.js" "Mozilla/5.0 (X11; Linux x86_64) AppleWebKit/537.36 (KHTML, like Gecko) HeadlessChrome/145.0.7632.6 Safari/537.36"
[2026-09-02T04:21:46.282Z]  "GET /src/state.js" "Mozilla/5.0 (X11; Linux x86_64) AppleWebKit/537.36 (KHTML, like Gecko) HeadlessChrome/145.0.7632.6 Safari/537.36"
[2026-09-02T04:21:46.290Z]  "GET /src/ui/topbar.js" "Mozilla/5.0 (X11; Linux x86_64) AppleWebKit/537.36 (KHTML, like Gecko) HeadlessChrome/145.0.7632.6 Safari/537.36"
[2026-09-02T04:21:46.290Z]  "GET /src/ui/sidebar.js" "Mozilla/5.0 (X11; Linux x86_64) AppleWebKit/537.36 (KHTML, like Gecko) HeadlessChrome/145.0.7632.6 Safari/537.36"
[2026-09-02T04:21:46.291Z]  "GET /src/ui/battle.js" "Mozilla/5.0 (X11; Linux x86_64) AppleWebKit/537.36 (KHTML, like Gecko) HeadlessChrome/145.0.7632.6 Safari/537.36"
[2026-09-02T04:21:46.291Z]  "GET /src/ui/map.js" "Mozilla/5.0 (X11; Linux x86_64) AppleWebKit/537.36 (KHTML, like Gecko) HeadlessChrome/145.0.7632.6 Safari/537.36"
[2026-09-02T04:21:46.293Z]  "GET /src/ui/pokedex.js" "Mozilla/5.0 (X11; Linux x86_64) AppleWebKit/537.36 (KHTML, like Gecko) HeadlessChrome/145.0.7632.6 Safari/537.36"
[2026-09-02T04:21:46.301Z]  "GET /src/ui/pokemonStats.js" "Mozilla/5.0 (X11; Linux x86_64) AppleWebKit/537.36 (KHTML, like Gecko) HeadlessChrome/145.0.7632.6 Safari/537.36"
[2026-09-02T04:21:46.302Z]  "GET /src/ui/settings.js" "Mozilla/5.0 (X11; Linux x86_64) AppleWebKit/537.36 (KHTML, like Gecko) HeadlessChrome/145.0.7632.6 Safari/537.36"
[2026-09-02T04:21:46.302Z]  "GET /src/ui/market.js" "Mozilla/5.0 (X11; Linux x86_64) AppleWebKit/537.36 (KHTML, like Gecko) HeadlessChrome/145.0.7632.6 Safari/537.36"
[2026-09-02T04:21:46.303Z]  "GET /src/ui/backpack/index.js" "Mozilla/5.0 (X11; Linux x86_64) AppleWebKit/537.36 (KHTML, like Gecko) HeadlessChrome/145.0.7632.6 Safari/537.36"
[2026-09-02T04:21:46.303Z]  "GET /src/ui/backpack/pokemon.js" "Mozilla/5.0 (X11; Linux x86_64) AppleWebKit/537.36 (KHTML, like Gecko) HeadlessChrome/145.0.7632.6 Safari/537.36"
[2026-09-02T04:21:46.315Z]  "GET /src/ui/backpack/pokeballs.js" "Mozilla/5.0 (X11; Linux x86_64) AppleWebKit/537.36 (KHTML, like Gecko) HeadlessChrome/145.0.7632.6 Safari/537.36"
[2026-09-02T04:21:46.315Z]  "GET /src/ui/backpack/potions.js" "Mozilla/5.0 (X11; Linux x86_64) AppleWebKit/537.36 (KHTML, like Gecko) HeadlessChrome/145.0.7632.6 Safari/537.36"
[2026-09-02T04:21:46.315Z]  "GET /src/ui/backpack/stones.js" "Mozilla/5.0 (X11; Linux x86_64) AppleWebKit/537.36 (KHTML, like Gecko) HeadlessChrome/145.0.7632.6 Safari/537.36"
[2026-09-02T04:21:46.322Z]  "GET /src/ui/backpack/utils.js" "Mozilla/5.0 (X11; Linux x86_64) AppleWebKit/537.36 (KHTML, like Gecko) HeadlessChrome/145.0.7632.6 Safari/537.36"
[2026-09-02T04:22:14.059Z]  "GET /" "Mozilla/5.0 (X11; Linux x86_64) AppleWebKit/537.36 (KHTML, like Gecko) HeadlessChrome/145.0.7632.6 Safari/537.36"
[2026-09-02T04:22:14.069Z]  "GET /styles.css" "Mozilla/5.0 (X11; Linux x86_64) AppleWebKit/537.36 (KHTML, like Gecko) HeadlessChrome/145.0.7632.6 Safari/537.36"
[2026-09-02T04:22:14.070Z]  "GET /src/ui.js" "Mozilla/5.0 (X11; Linux x86_64) AppleWebKit/537.36 (KHTML, like Gecko) HeadlessChrome/145.0.7632.6 Safari/537.36"
[2026-09-02T04:22:14.070Z]  "GET /Assets/Extra/Logo.jpg" "Mozilla/5.0 (X11; Linux x86_64) AppleWebKit/537.36 (KHTML, like Gecko) HeadlessChrome/145.0.7632.6 Safari/537.36"
[2026-09-02T04:22:14.073Z]  "GET /Assets/Pokemon%20Sprites/1.png" "Mozilla/5.0 (X11; Linux x86_64) AppleWebKit/537.36 (KHTML, like Gecko) HeadlessChrome/145.0.7632.6 Safari/537.36"
[2026-09-02T04:22:14.074Z]  "GET /Assets/Pokemon%20Sprites/4.png" "Mozilla/5.0 (X11; Linux x86_64) AppleWebKit/537.36 (KHTML, like Gecko) HeadlessChrome/145.0.7632.6 Safari/537.36"
[2026-09-02T04:22:14.075Z]  "GET /Assets/Pokemon%20Sprites/7.png" "Mozilla/5.0 (X11; Linux x86_64) AppleWebKit/537.36 (KHTML, like Gecko) HeadlessChrome/145.0.7632.6 Safari/537.36"
[2026-09-02T04:22:14.087Z]  "GET /src/mathEngine.js" "Mozilla/5.0 (X11; Linux x86_64) AppleWebKit/537.36 (KHTML, like Gecko) HeadlessChrome/145.0.7632.6 Safari/537.36"
[2026-09-02T04:22:14.088Z]  "GET /src/battleSystem.js" "Mozilla/5.0 (X11; Linux x86_64) AppleWebKit/537.36 (KHTML, like Gecko) HeadlessChrome/145.0.7632.6 Safari/537.36"
[2026-09-02T04:22:14.091Z]  "GET /src/dayCare.js" "Mozilla/5.0 (X11; Linux x86_64) AppleWebKit/537.36 (KHTML, like Gecko) HeadlessChrome/145.0.7632.6 Safari/537.36"
[2026-09-02T04:22:14.091Z]  "GET /src/storage.js" "Mozilla/5.0 (X11; Linux x86_64) AppleWebKit/537.36 (KHTML, like Gecko) HeadlessChrome/145.0.7632.6 Safari/537.36"
[2026-09-02T04:22:14.091Z]  "GET /src/state.js" "Mozilla/5.0 (X11; Linux x86_64) AppleWebKit/537.36 (KHTML, like Gecko) HeadlessChrome/145.0.7632.6 Safari/537.36"
[2026-09-02T04:22:14.096Z]  "GET /src/ui/topbar.js" "Mozilla/5.0 (X11; Linux x86_64) AppleWebKit/537.36 (KHTML, like Gecko) HeadlessChrome/145.0.7632.6 Safari/537.36"
[2026-09-02T04:22:14.097Z]  "GET /src/ui/sidebar.js" "Mozilla/5.0 (X11; Linux x86_64) AppleWebKit/537.36 (KHTML, like Gecko) HeadlessChrome/145.0.7632.6 Safari/537.36"
[2026-09-02T04:22:14.098Z]  "GET /src/ui/battle.js" "Mozilla/5.0 (X11; Linux x86_64) AppleWebKit/537.36 (KHTML, like Gecko) HeadlessChrome/145.0.7632.6 Safari/537.36"
[2026-09-02T04:22:14.098Z]  "GET /src/ui/map.js" "Mozilla/5.0 (X11; Linux x86_64) AppleWebKit/537.36 (KHTML, like Gecko) HeadlessChrome/145.0.7632.6 Safari/537.36"
[2026-09-02T04:22:14.098Z]  "GET /src/ui/pokedex.js" "Mozilla/5.0 (X11; Linux x86_64) AppleWebKit/537.36 (KHTML, like Gecko) HeadlessChrome/145.0.7632.6 Safari/537.36"
[2026-09-02T04:22:14.105Z]  "GET /src/ui/pokemonStats.js" "Mozilla/5.0 (X11; Linux x86_64) AppleWebKit/537.36 (KHTML, like Gecko) HeadlessChrome/145.0.7632.6 Safari/537.36"
[2026-09-02T04:22:14.106Z]  "GET /src/ui/settings.js" "Mozilla/5.0 (X11; Linux x86_64) AppleWebKit/537.36 (KHTML, like Gecko) HeadlessChrome/145.0.7632.6 Safari/537.36"
[2026-09-02T04:22:14.110Z]  "GET /src/ui/market.js" "Mozilla/5.0 (X11; Linux x86_64) AppleWebKit/537.36 (KHTML, like Gecko) HeadlessChrome/145.0.7632.6 Safari/537.36"
[2026-09-02T04:22:14.113Z]  "GET /src/ui/backpack/index.js" "Mozilla/5.0 (X11; Linux x86_64) AppleWebKit/537.36 (KHTML, like Gecko) HeadlessChrome/145.0.7632.6 Safari/537.36"
[2026-09-02T04:22:14.113Z]  "GET /src/ui/backpack/pokemon.js" "Mozilla/5.0 (X11; Linux x86_64) AppleWebKit/537.36 (KHTML, like Gecko) HeadlessChrome/145.0.7632.6 Safari/537.36"
[2026-09-02T04:22:14.128Z]  "GET /src/ui/backpack/pokeballs.js" "Mozilla/5.0 (X11; Linux x86_64) AppleWebKit/537.36 (KHTML, like Gecko) HeadlessChrome/145.0.7632.6 Safari/537.36"
[2026-09-02T04:22:14.130Z]  "GET /src/ui/backpack/potions.js" "Mozilla/5.0 (X11; Linux x86_64) AppleWebKit/537.36 (KHTML, like Gecko) HeadlessChrome/145.0.7632.6 Safari/537.36"
[2026-09-02T04:22:14.131Z]  "GET /src/ui/backpack/stones.js" "Mozilla/5.0 (X11; Linux x86_64) AppleWebKit/537.36 (KHTML, like Gecko) HeadlessChrome/145.0.7632.6 Safari/537.36"
[2026-09-02T04:22:14.134Z]  "GET /src/ui/backpack/utils.js" "Mozilla/5.0 (X11; Linux x86_64) AppleWebKit/537.36 (KHTML, like Gecko) HeadlessChrome/145.0.7632.6 Safari/537.36"
[2026-09-02T04:22:48.426Z]  "GET /" "Mozilla/5.0 (X11; Linux x86_64) AppleWebKit/537.36 (KHTML, like Gecko) HeadlessChrome/145.0.7632.6 Safari/537.36"
[2026-09-02T04:22:48.437Z]  "GET /styles.css" "Mozilla/5.0 (X11; Linux x86_64) AppleWebKit/537.36 (KHTML, like Gecko) HeadlessChrome/145.0.7632.6 Safari/537.36"
[2026-09-02T04:22:48.439Z]  "GET /src/ui.js" "Mozilla/5.0 (X11; Linux x86_64) AppleWebKit/537.36 (KHTML, like Gecko) HeadlessChrome/145.0.7632.6 Safari/537.36"
[2026-09-02T04:22:48.439Z]  "GET /Assets/Extra/Logo.jpg" "Mozilla/5.0 (X11; Linux x86_64) AppleWebKit/537.36 (KHTML, like Gecko) HeadlessChrome/145.0.7632.6 Safari/537.36"
[2026-09-02T04:22:48.440Z]  "GET /Assets/Pokemon%20Sprites/4.png" "Mozilla/5.0 (X11; Linux x86_64) AppleWebKit/537.36 (KHTML, like Gecko) HeadlessChrome/145.0.7632.6 Safari/537.36"
[2026-09-02T04:22:48.441Z]  "GET /Assets/Pokemon%20Sprites/1.png" "Mozilla/5.0 (X11; Linux x86_64) AppleWebKit/537.36 (KHTML, like Gecko) HeadlessChrome/145.0.7632.6 Safari/537.36"
[2026-09-02T04:22:48.445Z]  "GET /Assets/Pokemon%20Sprites/7.png" "Mozilla/5.0 (X11; Linux x86_64) AppleWebKit/537.36 (KHTML, like Gecko) HeadlessChrome/145.0.7632.6 Safari/537.36"
[2026-09-02T04:22:48.450Z]  "GET /src/mathEngine.js" "Mozilla/5.0 (X11; Linux x86_64) AppleWebKit/537.36 (KHTML, like Gecko) HeadlessChrome/145.0.7632.6 Safari/537.36"
[2026-09-02T04:22:48.453Z]  "GET /src/battleSystem.js" "Mozilla/5.0 (X11; Linux x86_64) AppleWebKit/537.36 (KHTML, like Gecko) HeadlessChrome/145.0.7632.6 Safari/537.36"
[2026-09-02T04:22:48.455Z]  "GET /src/dayCare.js" "Mozilla/5.0 (X11; Linux x86_64) AppleWebKit/537.36 (KHTML, like Gecko) HeadlessChrome/145.0.7632.6 Safari/537.36"
[2026-09-02T04:22:48.455Z]  "GET /src/storage.js" "Mozilla/5.0 (X11; Linux x86_64) AppleWebKit/537.36 (KHTML, like Gecko) HeadlessChrome/145.0.7632.6 Safari/537.36"
[2026-09-02T04:22:48.455Z]  "GET /src/state.js" "Mozilla/5.0 (X11; Linux x86_64) AppleWebKit/537.36 (KHTML, like Gecko) HeadlessChrome/145.0.7632.6 Safari/537.36"
[2026-09-02T04:22:48.456Z]  "GET /src/ui/topbar.js" "Mozilla/5.0 (X11; Linux x86_64) AppleWebKit/537.36 (KHTML, like Gecko) HeadlessChrome/145.0.7632.6 Safari/537.36"
[2026-09-02T04:22:48.461Z]  "GET /src/ui/sidebar.js" "Mozilla/5.0 (X11; Linux x86_64) AppleWebKit/537.36 (KHTML, like Gecko) HeadlessChrome/145.0.7632.6 Safari/537.36"
[2026-09-02T04:22:48.463Z]  "GET /src/ui/battle.js" "Mozilla/5.0 (X11; Linux x86_64) AppleWebKit/537.36 (KHTML, like Gecko) HeadlessChrome/145.0.7632.6 Safari/537.36"
[2026-09-02T04:22:48.464Z]  "GET /src/ui/map.js" "Mozilla/5.0 (X11; Linux x86_64) AppleWebKit/537.36 (KHTML, like Gecko) HeadlessChrome/145.0.7632.6 Safari/537.36"
[2026-09-02T04:22:48.464Z]  "GET /src/ui/pokedex.js" "Mozilla/5.0 (X11; Linux x86_64) AppleWebKit/537.36 (KHTML, like Gecko) HeadlessChrome/145.0.7632.6 Safari/537.36"
[2026-09-02T04:22:48.466Z]  "GET /src/ui/pokemonStats.js" "Mozilla/5.0 (X11; Linux x86_64) AppleWebKit/537.36 (KHTML, like Gecko) HeadlessChrome/145.0.7632.6 Safari/537.36"
[2026-09-02T04:22:48.470Z]  "GET /src/ui/settings.js" "Mozilla/5.0 (X11; Linux x86_64) AppleWebKit/537.36 (KHTML, like Gecko) HeadlessChrome/145.0.7632.6 Safari/537.36"
[2026-09-02T04:22:48.472Z]  "GET /src/ui/market.js" "Mozilla/5.0 (X11; Linux x86_64) AppleWebKit/537.36 (KHTML, like Gecko) HeadlessChrome/145.0.7632.6 Safari/537.36"
[2026-09-02T04:22:48.472Z]  "GET /src/ui/backpack/index.js" "Mozilla/5.0 (X11; Linux x86_64) AppleWebKit/537.36 (KHTML, like Gecko) HeadlessChrome/145.0.7632.6 Safari/537.36"
[2026-09-02T04:22:48.473Z]  "GET /src/ui/backpack/pokemon.js" "Mozilla/5.0 (X11; Linux x86_64) AppleWebKit/537.36 (KHTML, like Gecko) HeadlessChrome/145.0.7632.6 Safari/537.36"
[2026-09-02T04:22:48.491Z]  "GET /src/ui/backpack/pokeballs.js" "Mozilla/5.0 (X11; Linux x86_64) AppleWebKit/537.36 (KHTML, like Gecko) HeadlessChrome/145.0.7632.6 Safari/537.36"
[2026-09-02T04:22:48.491Z]  "GET /src/ui/backpack/potions.js" "Mozilla/5.0 (X11; Linux x86_64) AppleWebKit/537.36 (KHTML, like Gecko) HeadlessChrome/145.0.7632.6 Safari/537.36"
[2026-09-02T04:22:48.491Z]  "GET /src/ui/backpack/stones.js" "Mozilla/5.0 (X11; Linux x86_64) AppleWebKit/537.36 (KHTML, like Gecko) HeadlessChrome/145.0.7632.6 Safari/537.36"
[2026-09-02T04:22:48.496Z]  "GET /src/ui/backpack/utils.js" "Mozilla/5.0 (X11; Linux x86_64) AppleWebKit/537.36 (KHTML, like Gecko) HeadlessChrome/145.0.7632.6 Safari/537.36"
[2026-09-02T04:23:29.090Z]  "GET /" "Mozilla/5.0 (X11; Linux x86_64) AppleWebKit/537.36 (KHTML, like Gecko) HeadlessChrome/145.0.7632.6 Safari/537.36"
[2026-09-02T04:23:29.100Z]  "GET /styles.css" "Mozilla/5.0 (X11; Linux x86_64) AppleWebKit/537.36 (KHTML, like Gecko) HeadlessChrome/145.0.7632.6 Safari/537.36"
[2026-09-02T04:23:29.103Z]  "GET /src/ui.js" "Mozilla/5.0 (X11; Linux x86_64) AppleWebKit/537.36 (KHTML, like Gecko) HeadlessChrome/145.0.7632.6 Safari/537.36"
[2026-09-02T04:23:29.104Z]  "GET /Assets/Extra/Logo.jpg" "Mozilla/5.0 (X11; Linux x86_64) AppleWebKit/537.36 (KHTML, like Gecko) HeadlessChrome/145.0.7632.6 Safari/537.36"
[2026-09-02T04:23:29.104Z]  "GET /Assets/Pokemon%20Sprites/1.png" "Mozilla/5.0 (X11; Linux x86_64) AppleWebKit/537.36 (KHTML, like Gecko) HeadlessChrome/145.0.7632.6 Safari/537.36"
[2026-09-02T04:23:29.104Z]  "GET /Assets/Pokemon%20Sprites/4.png" "Mozilla/5.0 (X11; Linux x86_64) AppleWebKit/537.36 (KHTML, like Gecko) HeadlessChrome/145.0.7632.6 Safari/537.36"
[2026-09-02T04:23:29.109Z]  "GET /Assets/Pokemon%20Sprites/7.png" "Mozilla/5.0 (X11; Linux x86_64) AppleWebKit/537.36 (KHTML, like Gecko) HeadlessChrome/145.0.7632.6 Safari/537.36"
[2026-09-02T04:23:29.117Z]  "GET /src/mathEngine.js" "Mozilla/5.0 (X11; Linux x86_64) AppleWebKit/537.36 (KHTML, like Gecko) HeadlessChrome/145.0.7632.6 Safari/537.36"
[2026-09-02T04:23:29.117Z]  "GET /src/battleSystem.js" "Mozilla/5.0 (X11; Linux x86_64) AppleWebKit/537.36 (KHTML, like Gecko) HeadlessChrome/145.0.7632.6 Safari/537.36"
[2026-09-02T04:23:29.119Z]  "GET /src/dayCare.js" "Mozilla/5.0 (X11; Linux x86_64) AppleWebKit/537.36 (KHTML, like Gecko) HeadlessChrome/145.0.7632.6 Safari/537.36"
[2026-09-02T04:23:29.120Z]  "GET /src/storage.js" "Mozilla/5.0 (X11; Linux x86_64) AppleWebKit/537.36 (KHTML, like Gecko) HeadlessChrome/145.0.7632.6 Safari/537.36"
[2026-09-02T04:23:29.120Z]  "GET /src/state.js" "Mozilla/5.0 (X11; Linux x86_64) AppleWebKit/537.36 (KHTML, like Gecko) HeadlessChrome/145.0.7632.6 Safari/537.36"
[2026-09-02T04:23:29.124Z]  "GET /src/ui/topbar.js" "Mozilla/5.0 (X11; Linux x86_64) AppleWebKit/537.36 (KHTML, like Gecko) HeadlessChrome/145.0.7632.6 Safari/537.36"
[2026-09-02T04:23:29.124Z]  "GET /src/ui/sidebar.js" "Mozilla/5.0 (X11; Linux x86_64) AppleWebKit/537.36 (KHTML, like Gecko) HeadlessChrome/145.0.7632.6 Safari/537.36"
[2026-09-02T04:23:29.126Z]  "GET /src/ui/battle.js" "Mozilla/5.0 (X11; Linux x86_64) AppleWebKit/537.36 (KHTML, like Gecko) HeadlessChrome/145.0.7632.6 Safari/537.36"
[2026-09-02T04:23:29.126Z]  "GET /src/ui/map.js" "Mozilla/5.0 (X11; Linux x86_64) AppleWebKit/537.36 (KHTML, like Gecko) HeadlessChrome/145.0.7632.6 Safari/537.36"
[2026-09-02T04:23:29.127Z]  "GET /src/ui/pokedex.js" "Mozilla/5.0 (X11; Linux x86_64) AppleWebKit/537.36 (KHTML, like Gecko) HeadlessChrome/145.0.7632.6 Safari/537.36"
[2026-09-02T04:23:29.130Z]  "GET /src/ui/pokemonStats.js" "Mozilla/5.0 (X11; Linux x86_64) AppleWebKit/537.36 (KHTML, like Gecko) HeadlessChrome/145.0.7632.6 Safari/537.36"
[2026-09-02T04:23:29.131Z]  "GET /src/ui/settings.js" "Mozilla/5.0 (X11; Linux x86_64) AppleWebKit/537.36 (KHTML, like Gecko) HeadlessChrome/145.0.7632.6 Safari/537.36"
[2026-09-02T04:23:29.133Z]  "GET /src/ui/market.js" "Mozilla/5.0 (X11; Linux x86_64) AppleWebKit/537.36 (KHTML, like Gecko) HeadlessChrome/145.0.7632.6 Safari/537.36"
[2026-09-02T04:23:29.133Z]  "GET /src/ui/backpack/index.js" "Mozilla/5.0 (X11; Linux x86_64) AppleWebKit/537.36 (KHTML, like Gecko) HeadlessChrome/145.0.7632.6 Safari/537.36"
[2026-09-02T04:23:29.138Z]  "GET /src/ui/backpack/pokemon.js" "Mozilla/5.0 (X11; Linux x86_64) AppleWebKit/537.36 (KHTML, like Gecko) HeadlessChrome/145.0.7632.6 Safari/537.36"
[2026-09-02T04:23:29.149Z]  "GET /src/ui/backpack/pokeballs.js" "Mozilla/5.0 (X11; Linux x86_64) AppleWebKit/537.36 (KHTML, like Gecko) HeadlessChrome/145.0.7632.6 Safari/537.36"
[2026-09-02T04:23:29.150Z]  "GET /src/ui/backpack/potions.js" "Mozilla/5.0 (X11; Linux x86_64) AppleWebKit/537.36 (KHTML, like Gecko) HeadlessChrome/145.0.7632.6 Safari/537.36"
[2026-09-02T04:23:29.151Z]  "GET /src/ui/backpack/stones.js" "Mozilla/5.0 (X11; Linux x86_64) AppleWebKit/537.36 (KHTML, like Gecko) HeadlessChrome/145.0.7632.6 Safari/537.36"
[2026-09-02T04:23:29.155Z]  "GET /src/ui/backpack/utils.js" "Mozilla/5.0 (X11; Linux x86_64) AppleWebKit/537.36 (KHTML, like Gecko) HeadlessChrome/145.0.7632.6 Safari/537.36"
[2026-09-02T04:24:09.365Z]  "GET /" "Mozilla/5.0 (X11; Linux x86_64) AppleWebKit/537.36 (KHTML, like Gecko) HeadlessChrome/145.0.7632.6 Safari/537.36"
[2026-09-02T04:24:09.374Z]  "GET /styles.css" "Mozilla/5.0 (X11; Linux x86_64) AppleWebKit/537.36 (KHTML, like Gecko) HeadlessChrome/145.0.7632.6 Safari/537.36"
[2026-09-02T04:24:09.380Z]  "GET /src/ui.js" "Mozilla/5.0 (X11; Linux x86_64) AppleWebKit/537.36 (KHTML, like Gecko) HeadlessChrome/145.0.7632.6 Safari/537.36"
[2026-09-02T04:24:09.381Z]  "GET /Assets/Extra/Logo.jpg" "Mozilla/5.0 (X11; Linux x86_64) AppleWebKit/537.36 (KHTML, like Gecko) HeadlessChrome/145.0.7632.6 Safari/537.36"
[2026-09-02T04:24:09.382Z]  "GET /Assets/Pokemon%20Sprites/1.png" "Mozilla/5.0 (X11; Linux x86_64) AppleWebKit/537.36 (KHTML, like Gecko) HeadlessChrome/145.0.7632.6 Safari/537.36"
[2026-09-02T04:24:09.383Z]  "GET /Assets/Pokemon%20Sprites/4.png" "Mozilla/5.0 (X11; Linux x86_64) AppleWebKit/537.36 (KHTML, like Gecko) HeadlessChrome/145.0.7632.6 Safari/537.36"
[2026-09-02T04:24:09.384Z]  "GET /Assets/Pokemon%20Sprites/7.png" "Mozilla/5.0 (X11; Linux x86_64) AppleWebKit/537.36 (KHTML, like Gecko) HeadlessChrome/145.0.7632.6 Safari/537.36"
[2026-09-02T04:24:09.394Z]  "GET /src/mathEngine.js" "Mozilla/5.0 (X11; Linux x86_64) AppleWebKit/537.36 (KHTML, like Gecko) HeadlessChrome/145.0.7632.6 Safari/537.36"
[2026-09-02T04:24:09.395Z]  "GET /src/battleSystem.js" "Mozilla/5.0 (X11; Linux x86_64) AppleWebKit/537.36 (KHTML, like Gecko) HeadlessChrome/145.0.7632.6 Safari/537.36"
[2026-09-02T04:24:09.396Z]  "GET /src/dayCare.js" "Mozilla/5.0 (X11; Linux x86_64) AppleWebKit/537.36 (KHTML, like Gecko) HeadlessChrome/145.0.7632.6 Safari/537.36"
[2026-09-02T04:24:09.396Z]  "GET /src/storage.js" "Mozilla/5.0 (X11; Linux x86_64) AppleWebKit/537.36 (KHTML, like Gecko) HeadlessChrome/145.0.7632.6 Safari/537.36"
[2026-09-02T04:24:09.396Z]  "GET /src/state.js" "Mozilla/5.0 (X11; Linux x86_64) AppleWebKit/537.36 (KHTML, like Gecko) HeadlessChrome/145.0.7632.6 Safari/537.36"
[2026-09-02T04:24:09.404Z]  "GET /src/ui/topbar.js" "Mozilla/5.0 (X11; Linux x86_64) AppleWebKit/537.36 (KHTML, like Gecko) HeadlessChrome/145.0.7632.6 Safari/537.36"
[2026-09-02T04:24:09.405Z]  "GET /src/ui/sidebar.js" "Mozilla/5.0 (X11; Linux x86_64) AppleWebKit/537.36 (KHTML, like Gecko) HeadlessChrome/145.0.7632.6 Safari/537.36"
[2026-09-02T04:24:09.405Z]  "GET /src/ui/battle.js" "Mozilla/5.0 (X11; Linux x86_64) AppleWebKit/537.36 (KHTML, like Gecko) HeadlessChrome/145.0.7632.6 Safari/537.36"
[2026-09-02T04:24:09.405Z]  "GET /src/ui/map.js" "Mozilla/5.0 (X11; Linux x86_64) AppleWebKit/537.36 (KHTML, like Gecko) HeadlessChrome/145.0.7632.6 Safari/537.36"
[2026-09-02T04:24:09.405Z]  "GET /src/ui/pokedex.js" "Mozilla/5.0 (X11; Linux x86_64) AppleWebKit/537.36 (KHTML, like Gecko) HeadlessChrome/145.0.7632.6 Safari/537.36"
[2026-09-02T04:24:09.409Z]  "GET /src/ui/pokemonStats.js" "Mozilla/5.0 (X11; Linux x86_64) AppleWebKit/537.36 (KHTML, like Gecko) HeadlessChrome/145.0.7632.6 Safari/537.36"
[2026-09-02T04:24:09.416Z]  "GET /src/ui/settings.js" "Mozilla/5.0 (X11; Linux x86_64) AppleWebKit/537.36 (KHTML, like Gecko) HeadlessChrome/145.0.7632.6 Safari/537.36"
[2026-09-02T04:24:09.416Z]  "GET /src/ui/market.js" "Mozilla/5.0 (X11; Linux x86_64) AppleWebKit/537.36 (KHTML, like Gecko) HeadlessChrome/145.0.7632.6 Safari/537.36"
[2026-09-02T04:24:09.416Z]  "GET /src/ui/backpack/index.js" "Mozilla/5.0 (X11; Linux x86_64) AppleWebKit/537.36 (KHTML, like Gecko) HeadlessChrome/145.0.7632.6 Safari/537.36"
[2026-09-02T04:24:09.417Z]  "GET /src/ui/backpack/pokemon.js" "Mozilla/5.0 (X11; Linux x86_64) AppleWebKit/537.36 (KHTML, like Gecko) HeadlessChrome/145.0.7632.6 Safari/537.36"
[2026-09-02T04:24:09.429Z]  "GET /src/ui/backpack/pokeballs.js" "Mozilla/5.0 (X11; Linux x86_64) AppleWebKit/537.36 (KHTML, like Gecko) HeadlessChrome/145.0.7632.6 Safari/537.36"
[2026-09-02T04:24:09.429Z]  "GET /src/ui/backpack/potions.js" "Mozilla/5.0 (X11; Linux x86_64) AppleWebKit/537.36 (KHTML, like Gecko) HeadlessChrome/145.0.7632.6 Safari/537.36"
[2026-09-02T04:24:09.429Z]  "GET /src/ui/backpack/stones.js" "Mozilla/5.0 (X11; Linux x86_64) AppleWebKit/537.36 (KHTML, like Gecko) HeadlessChrome/145.0.7632.6 Safari/537.36"
[2026-09-02T04:24:09.435Z]  "GET /src/ui/backpack/utils.js" "Mozilla/5.0 (X11; Linux x86_64) AppleWebKit/537.36 (KHTML, like Gecko) HeadlessChrome/145.0.7632.6 Safari/537.36"
[2026-09-02T04:24:44.844Z]  "GET /" "Mozilla/5.0 (X11; Linux x86_64) AppleWebKit/537.36 (KHTML, like Gecko) HeadlessChrome/145.0.7632.6 Safari/537.36"
[2026-09-02T04:24:44.856Z]  "GET /styles.css" "Mozilla/5.0 (X11; Linux x86_64) AppleWebKit/537.36 (KHTML, like Gecko) HeadlessChrome/145.0.7632.6 Safari/537.36"
[2026-09-02T04:24:44.859Z]  "GET /src/ui.js" "Mozilla/5.0 (X11; Linux x86_64) AppleWebKit/537.36 (KHTML, like Gecko) HeadlessChrome/145.0.7632.6 Safari/537.36"
[2026-09-02T04:24:44.860Z]  "GET /Assets/Extra/Logo.jpg" "Mozilla/5.0 (X11; Linux x86_64) AppleWebKit/537.36 (KHTML, like Gecko) HeadlessChrome/145.0.7632.6 Safari/537.36"
[2026-09-02T04:24:44.860Z]  "GET /Assets/Pokemon%20Sprites/1.png" "Mozilla/5.0 (X11; Linux x86_64) AppleWebKit/537.36 (KHTML, like Gecko) HeadlessChrome/145.0.7632.6 Safari/537.36"
[2026-09-02T04:24:44.860Z]  "GET /Assets/Pokemon%20Sprites/4.png" "Mozilla/5.0 (X11; Linux x86_64) AppleWebKit/537.36 (KHTML, like Gecko) HeadlessChrome/145.0.7632.6 Safari/537.36"
[2026-09-02T04:24:44.861Z]  "GET /Assets/Pokemon%20Sprites/7.png" "Mozilla/5.0 (X11; Linux x86_64) AppleWebKit/537.36 (KHTML, like Gecko) HeadlessChrome/145.0.7632.6 Safari/537.36"
[2026-09-02T04:24:44.872Z]  "GET /src/mathEngine.js" "Mozilla/5.0 (X11; Linux x86_64) AppleWebKit/537.36 (KHTML, like Gecko) HeadlessChrome/145.0.7632.6 Safari/537.36"
[2026-09-02T04:24:44.875Z]  "GET /src/battleSystem.js" "Mozilla/5.0 (X11; Linux x86_64) AppleWebKit/537.36 (KHTML, like Gecko) HeadlessChrome/145.0.7632.6 Safari/537.36"
[2026-09-02T04:24:44.875Z]  "GET /src/dayCare.js" "Mozilla/5.0 (X11; Linux x86_64) AppleWebKit/537.36 (KHTML, like Gecko) HeadlessChrome/145.0.7632.6 Safari/537.36"
[2026-09-02T04:24:44.876Z]  "GET /src/storage.js" "Mozilla/5.0 (X11; Linux x86_64) AppleWebKit/537.36 (KHTML, like Gecko) HeadlessChrome/145.0.7632.6 Safari/537.36"
[2026-09-02T04:24:44.879Z]  "GET /src/state.js" "Mozilla/5.0 (X11; Linux x86_64) AppleWebKit/537.36 (KHTML, like Gecko) HeadlessChrome/145.0.7632.6 Safari/537.36"
[2026-09-02T04:24:44.882Z]  "GET /src/ui/topbar.js" "Mozilla/5.0 (X11; Linux x86_64) AppleWebKit/537.36 (KHTML, like Gecko) HeadlessChrome/145.0.7632.6 Safari/537.36"
[2026-09-02T04:24:44.882Z]  "GET /src/ui/sidebar.js" "Mozilla/5.0 (X11; Linux x86_64) AppleWebKit/537.36 (KHTML, like Gecko) HeadlessChrome/145.0.7632.6 Safari/537.36"
[2026-09-02T04:24:44.883Z]  "GET /src/ui/battle.js" "Mozilla/5.0 (X11; Linux x86_64) AppleWebKit/537.36 (KHTML, like Gecko) HeadlessChrome/145.0.7632.6 Safari/537.36"
[2026-09-02T04:24:44.885Z]  "GET /src/ui/map.js" "Mozilla/5.0 (X11; Linux x86_64) AppleWebKit/537.36 (KHTML, like Gecko) HeadlessChrome/145.0.7632.6 Safari/537.36"
[2026-09-02T04:24:44.886Z]  "GET /src/ui/pokedex.js" "Mozilla/5.0 (X11; Linux x86_64) AppleWebKit/537.36 (KHTML, like Gecko) HeadlessChrome/145.0.7632.6 Safari/537.36"
[2026-09-02T04:24:44.891Z]  "GET /src/ui/pokemonStats.js" "Mozilla/5.0 (X11; Linux x86_64) AppleWebKit/537.36 (KHTML, like Gecko) HeadlessChrome/145.0.7632.6 Safari/537.36"
[2026-09-02T04:24:44.891Z]  "GET /src/ui/settings.js" "Mozilla/5.0 (X11; Linux x86_64) AppleWebKit/537.36 (KHTML, like Gecko) HeadlessChrome/145.0.7632.6 Safari/537.36"
[2026-09-02T04:24:44.892Z]  "GET /src/ui/market.js" "Mozilla/5.0 (X11; Linux x86_64) AppleWebKit/537.36 (KHTML, like Gecko) HeadlessChrome/145.0.7632.6 Safari/537.36"
[2026-09-02T04:24:44.892Z]  "GET /src/ui/backpack/index.js" "Mozilla/5.0 (X11; Linux x86_64) AppleWebKit/537.36 (KHTML, like Gecko) HeadlessChrome/145.0.7632.6 Safari/537.36"
[2026-09-02T04:24:44.892Z]  "GET /src/ui/backpack/pokemon.js" "Mozilla/5.0 (X11; Linux x86_64) AppleWebKit/537.36 (KHTML, like Gecko) HeadlessChrome/145.0.7632.6 Safari/537.36"
[2026-09-02T04:24:44.908Z]  "GET /src/ui/backpack/pokeballs.js" "Mozilla/5.0 (X11; Linux x86_64) AppleWebKit/537.36 (KHTML, like Gecko) HeadlessChrome/145.0.7632.6 Safari/537.36"
[2026-09-02T04:24:44.909Z]  "GET /src/ui/backpack/potions.js" "Mozilla/5.0 (X11; Linux x86_64) AppleWebKit/537.36 (KHTML, like Gecko) HeadlessChrome/145.0.7632.6 Safari/537.36"
[2026-09-02T04:24:44.909Z]  "GET /src/ui/backpack/stones.js" "Mozilla/5.0 (X11; Linux x86_64) AppleWebKit/537.36 (KHTML, like Gecko) HeadlessChrome/145.0.7632.6 Safari/537.36"
[2026-09-02T04:24:44.915Z]  "GET /src/ui/backpack/utils.js" "Mozilla/5.0 (X11; Linux x86_64) AppleWebKit/537.36 (KHTML, like Gecko) HeadlessChrome/145.0.7632.6 Safari/537.36"
[2026-09-02T04:25:13.628Z]  "GET /" "Mozilla/5.0 (X11; Linux x86_64) AppleWebKit/537.36 (KHTML, like Gecko) HeadlessChrome/145.0.7632.6 Safari/537.36"
[2026-09-02T04:25:13.637Z]  "GET /styles.css" "Mozilla/5.0 (X11; Linux x86_64) AppleWebKit/537.36 (KHTML, like Gecko) HeadlessChrome/145.0.7632.6 Safari/537.36"
[2026-09-02T04:25:13.640Z]  "GET /src/ui.js" "Mozilla/5.0 (X11; Linux x86_64) AppleWebKit/537.36 (KHTML, like Gecko) HeadlessChrome/145.0.7632.6 Safari/537.36"
[2026-09-02T04:25:13.641Z]  "GET /Assets/Extra/Logo.jpg" "Mozilla/5.0 (X11; Linux x86_64) AppleWebKit/537.36 (KHTML, like Gecko) HeadlessChrome/145.0.7632.6 Safari/537.36"
[2026-09-02T04:25:13.643Z]  "GET /Assets/Pokemon%20Sprites/1.png" "Mozilla/5.0 (X11; Linux x86_64) AppleWebKit/537.36 (KHTML, like Gecko) HeadlessChrome/145.0.7632.6 Safari/537.36"
[2026-09-02T04:25:13.645Z]  "GET /Assets/Pokemon%20Sprites/4.png" "Mozilla/5.0 (X11; Linux x86_64) AppleWebKit/537.36 (KHTML, like Gecko) HeadlessChrome/145.0.7632.6 Safari/537.36"
[2026-09-02T04:25:13.645Z]  "GET /Assets/Pokemon%20Sprites/7.png" "Mozilla/5.0 (X11; Linux x86_64) AppleWebKit/537.36 (KHTML, like Gecko) HeadlessChrome/145.0.7632.6 Safari/537.36"
[2026-09-02T04:25:13.681Z]  "GET /src/mathEngine.js" "Mozilla/5.0 (X11; Linux x86_64) AppleWebKit/537.36 (KHTML, like Gecko) HeadlessChrome/145.0.7632.6 Safari/537.36"
[2026-09-02T04:25:13.684Z]  "GET /src/battleSystem.js" "Mozilla/5.0 (X11; Linux x86_64) AppleWebKit/537.36 (KHTML, like Gecko) HeadlessChrome/145.0.7632.6 Safari/537.36"
[2026-09-02T04:25:13.685Z]  "GET /src/dayCare.js" "Mozilla/5.0 (X11; Linux x86_64) AppleWebKit/537.36 (KHTML, like Gecko) HeadlessChrome/145.0.7632.6 Safari/537.36"
[2026-09-02T04:25:13.685Z]  "GET /src/storage.js" "Mozilla/5.0 (X11; Linux x86_64) AppleWebKit/537.36 (KHTML, like Gecko) HeadlessChrome/145.0.7632.6 Safari/537.36"
[2026-09-02T04:25:13.685Z]  "GET /src/state.js" "Mozilla/5.0 (X11; Linux x86_64) AppleWebKit/537.36 (KHTML, like Gecko) HeadlessChrome/145.0.7632.6 Safari/537.36"
[2026-09-02T04:25:13.686Z]  "GET /src/ui/topbar.js" "Mozilla/5.0 (X11; Linux x86_64) AppleWebKit/537.36 (KHTML, like Gecko) HeadlessChrome/145.0.7632.6 Safari/537.36"
[2026-09-02T04:25:13.686Z]  "GET /src/ui/sidebar.js" "Mozilla/5.0 (X11; Linux x86_64) AppleWebKit/537.36 (KHTML, like Gecko) HeadlessChrome/145.0.7632.6 Safari/537.36"
[2026-09-02T04:25:13.692Z]  "GET /src/ui/battle.js" "Mozilla/5.0 (X11; Linux x86_64) AppleWebKit/537.36 (KHTML, like Gecko) HeadlessChrome/145.0.7632.6 Safari/537.36"
[2026-09-02T04:25:13.693Z]  "GET /src/ui/map.js" "Mozilla/5.0 (X11; Linux x86_64) AppleWebKit/537.36 (KHTML, like Gecko) HeadlessChrome/145.0.7632.6 Safari/537.36"
[2026-09-02T04:25:13.705Z]  "GET /src/ui/pokedex.js" "Mozilla/5.0 (X11; Linux x86_64) AppleWebKit/537.36 (KHTML, like Gecko) HeadlessChrome/145.0.7632.6 Safari/537.36"
[2026-09-02T04:25:13.705Z]  "GET /src/ui/pokemonStats.js" "Mozilla/5.0 (X11; Linux x86_64) AppleWebKit/537.36 (KHTML, like Gecko) HeadlessChrome/145.0.7632.6 Safari/537.36"
[2026-09-02T04:25:13.705Z]  "GET /src/ui/settings.js" "Mozilla/5.0 (X11; Linux x86_64) AppleWebKit/537.36 (KHTML, like Gecko) HeadlessChrome/145.0.7632.6 Safari/537.36"
[2026-09-02T04:25:13.711Z]  "GET /src/ui/market.js" "Mozilla/5.0 (X11; Linux x86_64) AppleWebKit/537.36 (KHTML, like Gecko) HeadlessChrome/145.0.7632.6 Safari/537.36"
[2026-09-02T04:25:13.720Z]  "GET /src/ui/backpack/index.js" "Mozilla/5.0 (X11; Linux x86_64) AppleWebKit/537.36 (KHTML, like Gecko) HeadlessChrome/145.0.7632.6 Safari/537.36"
[2026-09-02T04:25:13.721Z]  "GET /src/ui/backpack/pokemon.js" "Mozilla/5.0 (X11; Linux x86_64) AppleWebKit/537.36 (KHTML, like Gecko) HeadlessChrome/145.0.7632.6 Safari/537.36"
[2026-09-02T04:25:13.727Z]  "GET /src/ui/backpack/pokeballs.js" "Mozilla/5.0 (X11; Linux x86_64) AppleWebKit/537.36 (KHTML, like Gecko) HeadlessChrome/145.0.7632.6 Safari/537.36"
[2026-09-02T04:25:13.727Z]  "GET /src/ui/backpack/potions.js" "Mozilla/5.0 (X11; Linux x86_64) AppleWebKit/537.36 (KHTML, like Gecko) HeadlessChrome/145.0.7632.6 Safari/537.36"
[2026-09-02T04:25:13.728Z]  "GET /src/ui/backpack/stones.js" "Mozilla/5.0 (X11; Linux x86_64) AppleWebKit/537.36 (KHTML, like Gecko) HeadlessChrome/145.0.7632.6 Safari/537.36"
[2026-09-02T04:25:13.731Z]  "GET /src/ui/backpack/utils.js" "Mozilla/5.0 (X11; Linux x86_64) AppleWebKit/537.36 (KHTML, like Gecko) HeadlessChrome/145.0.7632.6 Safari/537.36"
[2026-09-02T04:25:41.883Z]  "GET /" "Mozilla/5.0 (X11; Linux x86_64) AppleWebKit/537.36 (KHTML, like Gecko) HeadlessChrome/145.0.7632.6 Safari/537.36"
[2026-09-02T04:25:41.896Z]  "GET /styles.css" "Mozilla/5.0 (X11; Linux x86_64) AppleWebKit/537.36 (KHTML, like Gecko) HeadlessChrome/145.0.7632.6 Safari/537.36"
[2026-09-02T04:25:41.900Z]  "GET /src/ui.js" "Mozilla/5.0 (X11; Linux x86_64) AppleWebKit/537.36 (KHTML, like Gecko) HeadlessChrome/145.0.7632.6 Safari/537.36"
[2026-09-02T04:25:41.901Z]  "GET /Assets/Extra/Logo.jpg" "Mozilla/5.0 (X11; Linux x86_64) AppleWebKit/537.36 (KHTML, like Gecko) HeadlessChrome/145.0.7632.6 Safari/537.36"
[2026-09-02T04:25:41.901Z]  "GET /Assets/Pokemon%20Sprites/1.png" "Mozilla/5.0 (X11; Linux x86_64) AppleWebKit/537.36 (KHTML, like Gecko) HeadlessChrome/145.0.7632.6 Safari/537.36"
[2026-09-02T04:25:41.902Z]  "GET /Assets/Pokemon%20Sprites/4.png" "Mozilla/5.0 (X11; Linux x86_64) AppleWebKit/537.36 (KHTML, like Gecko) HeadlessChrome/145.0.7632.6 Safari/537.36"
[2026-09-02T04:25:41.903Z]  "GET /Assets/Pokemon%20Sprites/7.png" "Mozilla/5.0 (X11; Linux x86_64) AppleWebKit/537.36 (KHTML, like Gecko) HeadlessChrome/145.0.7632.6 Safari/537.36"
[2026-09-02T04:25:41.916Z]  "GET /src/mathEngine.js" "Mozilla/5.0 (X11; Linux x86_64) AppleWebKit/537.36 (KHTML, like Gecko) HeadlessChrome/145.0.7632.6 Safari/537.36"
[2026-09-02T04:25:41.918Z]  "GET /src/battleSystem.js" "Mozilla/5.0 (X11; Linux x86_64) AppleWebKit/537.36 (KHTML, like Gecko) HeadlessChrome/145.0.7632.6 Safari/537.36"
[2026-09-02T04:25:41.919Z]  "GET /src/dayCare.js" "Mozilla/5.0 (X11; Linux x86_64) AppleWebKit/537.36 (KHTML, like Gecko) HeadlessChrome/145.0.7632.6 Safari/537.36"
[2026-09-02T04:25:41.919Z]  "GET /src/storage.js" "Mozilla/5.0 (X11; Linux x86_64) AppleWebKit/537.36 (KHTML, like Gecko) HeadlessChrome/145.0.7632.6 Safari/537.36"
[2026-09-02T04:25:41.919Z]  "GET /src/state.js" "Mozilla/5.0 (X11; Linux x86_64) AppleWebKit/537.36 (KHTML, like Gecko) HeadlessChrome/145.0.7632.6 Safari/537.36"
[2026-09-02T04:25:41.922Z]  "GET /src/ui/topbar.js" "Mozilla/5.0 (X11; Linux x86_64) AppleWebKit/537.36 (KHTML, like Gecko) HeadlessChrome/145.0.7632.6 Safari/537.36"
[2026-09-02T04:25:41.926Z]  "GET /src/ui/sidebar.js" "Mozilla/5.0 (X11; Linux x86_64) AppleWebKit/537.36 (KHTML, like Gecko) HeadlessChrome/145.0.7632.6 Safari/537.36"
[2026-09-02T04:25:41.927Z]  "GET /src/ui/battle.js" "Mozilla/5.0 (X11; Linux x86_64) AppleWebKit/537.36 (KHTML, like Gecko) HeadlessChrome/145.0.7632.6 Safari/537.36"
[2026-09-02T04:25:41.927Z]  "GET /src/ui/map.js" "Mozilla/5.0 (X11; Linux x86_64) AppleWebKit/537.36 (KHTML, like Gecko) HeadlessChrome/145.0.7632.6 Safari/537.36"
[2026-09-02T04:25:41.927Z]  "GET /src/ui/pokedex.js" "Mozilla/5.0 (X11; Linux x86_64) AppleWebKit/537.36 (KHTML, like Gecko) HeadlessChrome/145.0.7632.6 Safari/537.36"
[2026-09-02T04:25:41.932Z]  "GET /src/ui/pokemonStats.js" "Mozilla/5.0 (X11; Linux x86_64) AppleWebKit/537.36 (KHTML, like Gecko) HeadlessChrome/145.0.7632.6 Safari/537.36"
[2026-09-02T04:25:41.941Z]  "GET /src/ui/settings.js" "Mozilla/5.0 (X11; Linux x86_64) AppleWebKit/537.36 (KHTML, like Gecko) HeadlessChrome/145.0.7632.6 Safari/537.36"
[2026-09-02T04:25:41.941Z]  "GET /src/ui/market.js" "Mozilla/5.0 (X11; Linux x86_64) AppleWebKit/537.36 (KHTML, like Gecko) HeadlessChrome/145.0.7632.6 Safari/537.36"
[2026-09-02T04:25:41.941Z]  "GET /src/ui/backpack/index.js" "Mozilla/5.0 (X11; Linux x86_64) AppleWebKit/537.36 (KHTML, like Gecko) HeadlessChrome/145.0.7632.6 Safari/537.36"
[2026-09-02T04:25:41.942Z]  "GET /src/ui/backpack/pokemon.js" "Mozilla/5.0 (X11; Linux x86_64) AppleWebKit/537.36 (KHTML, like Gecko) HeadlessChrome/145.0.7632.6 Safari/537.36"
[2026-09-02T04:25:41.951Z]  "GET /src/ui/backpack/pokeballs.js" "Mozilla/5.0 (X11; Linux x86_64) AppleWebKit/537.36 (KHTML, like Gecko) HeadlessChrome/145.0.7632.6 Safari/537.36"
[2026-09-02T04:25:41.951Z]  "GET /src/ui/backpack/potions.js" "Mozilla/5.0 (X11; Linux x86_64) AppleWebKit/537.36 (KHTML, like Gecko) HeadlessChrome/145.0.7632.6 Safari/537.36"
[2026-09-02T04:25:41.951Z]  "GET /src/ui/backpack/stones.js" "Mozilla/5.0 (X11; Linux x86_64) AppleWebKit/537.36 (KHTML, like Gecko) HeadlessChrome/145.0.7632.6 Safari/537.36"
[2026-09-02T04:25:41.958Z]  "GET /src/ui/backpack/utils.js" "Mozilla/5.0 (X11; Linux x86_64) AppleWebKit/537.36 (KHTML, like Gecko) HeadlessChrome/145.0.7632.6 Safari/537.36"
[2026-09-02T04:32:45.316Z]  "GET /" "Mozilla/5.0 (X11; Linux x86_64) AppleWebKit/537.36 (KHTML, like Gecko) HeadlessChrome/145.0.7632.6 Safari/537.36"
[2026-09-02T04:32:45.327Z]  "GET /styles.css" "Mozilla/5.0 (X11; Linux x86_64) AppleWebKit/537.36 (KHTML, like Gecko) HeadlessChrome/145.0.7632.6 Safari/537.36"
[2026-09-02T04:32:45.328Z]  "GET /src/ui.js" "Mozilla/5.0 (X11; Linux x86_64) AppleWebKit/537.36 (KHTML, like Gecko) HeadlessChrome/145.0.7632.6 Safari/537.36"
[2026-09-02T04:32:45.329Z]  "GET /Assets/Extra/Logo.jpg" "Mozilla/5.0 (X11; Linux x86_64) AppleWebKit/537.36 (KHTML, like Gecko) HeadlessChrome/145.0.7632.6 Safari/537.36"
[2026-09-02T04:32:45.329Z]  "GET /Assets/Pokemon%20Sprites/1.png" "Mozilla/5.0 (X11; Linux x86_64) AppleWebKit/537.36 (KHTML, like Gecko) HeadlessChrome/145.0.7632.6 Safari/537.36"
[2026-09-02T04:32:45.330Z]  "GET /Assets/Pokemon%20Sprites/4.png" "Mozilla/5.0 (X11; Linux x86_64) AppleWebKit/537.36 (KHTML, like Gecko) HeadlessChrome/145.0.7632.6 Safari/537.36"
[2026-09-02T04:32:45.337Z]  "GET /Assets/Pokemon%20Sprites/7.png" "Mozilla/5.0 (X11; Linux x86_64) AppleWebKit/537.36 (KHTML, like Gecko) HeadlessChrome/145.0.7632.6 Safari/537.36"
[2026-09-02T04:32:45.357Z]  "GET /src/mathEngine.js" "Mozilla/5.0 (X11; Linux x86_64) AppleWebKit/537.36 (KHTML, like Gecko) HeadlessChrome/145.0.7632.6 Safari/537.36"
[2026-09-02T04:32:45.359Z]  "GET /src/battleSystem.js" "Mozilla/5.0 (X11; Linux x86_64) AppleWebKit/537.36 (KHTML, like Gecko) HeadlessChrome/145.0.7632.6 Safari/537.36"
[2026-09-02T04:32:45.361Z]  "GET /src/dayCare.js" "Mozilla/5.0 (X11; Linux x86_64) AppleWebKit/537.36 (KHTML, like Gecko) HeadlessChrome/145.0.7632.6 Safari/537.36"
[2026-09-02T04:32:45.361Z]  "GET /src/storage.js" "Mozilla/5.0 (X11; Linux x86_64) AppleWebKit/537.36 (KHTML, like Gecko) HeadlessChrome/145.0.7632.6 Safari/537.36"
[2026-09-02T04:32:45.361Z]  "GET /src/state.js" "Mozilla/5.0 (X11; Linux x86_64) AppleWebKit/537.36 (KHTML, like Gecko) HeadlessChrome/145.0.7632.6 Safari/537.36"
[2026-09-02T04:32:45.365Z]  "GET /src/ui/topbar.js" "Mozilla/5.0 (X11; Linux x86_64) AppleWebKit/537.36 (KHTML, like Gecko) HeadlessChrome/145.0.7632.6 Safari/537.36"
[2026-09-02T04:32:45.368Z]  "GET /src/ui/sidebar.js" "Mozilla/5.0 (X11; Linux x86_64) AppleWebKit/537.36 (KHTML, like Gecko) HeadlessChrome/145.0.7632.6 Safari/537.36"
[2026-09-02T04:32:45.368Z]  "GET /src/ui/battle.js" "Mozilla/5.0 (X11; Linux x86_64) AppleWebKit/537.36 (KHTML, like Gecko) HeadlessChrome/145.0.7632.6 Safari/537.36"
[2026-09-02T04:32:45.369Z]  "GET /src/ui/map.js" "Mozilla/5.0 (X11; Linux x86_64) AppleWebKit/537.36 (KHTML, like Gecko) HeadlessChrome/145.0.7632.6 Safari/537.36"
[2026-09-02T04:32:45.372Z]  "GET /src/ui/pokedex.js" "Mozilla/5.0 (X11; Linux x86_64) AppleWebKit/537.36 (KHTML, like Gecko) HeadlessChrome/145.0.7632.6 Safari/537.36"
[2026-09-02T04:32:45.372Z]  "GET /src/ui/pokemonStats.js" "Mozilla/5.0 (X11; Linux x86_64) AppleWebKit/537.36 (KHTML, like Gecko) HeadlessChrome/145.0.7632.6 Safari/537.36"
[2026-09-02T04:32:45.373Z]  "GET /src/ui/settings.js" "Mozilla/5.0 (X11; Linux x86_64) AppleWebKit/537.36 (KHTML, like Gecko) HeadlessChrome/145.0.7632.6 Safari/537.36"
[2026-09-02T04:32:45.380Z]  "GET /src/ui/market.js" "Mozilla/5.0 (X11; Linux x86_64) AppleWebKit/537.36 (KHTML, like Gecko) HeadlessChrome/145.0.7632.6 Safari/537.36"
[2026-09-02T04:32:45.380Z]  "GET /src/ui/backpack/index.js" "Mozilla/5.0 (X11; Linux x86_64) AppleWebKit/537.36 (KHTML, like Gecko) HeadlessChrome/145.0.7632.6 Safari/537.36"
[2026-09-02T04:32:45.382Z]  "GET /src/ui/backpack/pokemon.js" "Mozilla/5.0 (X11; Linux x86_64) AppleWebKit/537.36 (KHTML, like Gecko) HeadlessChrome/145.0.7632.6 Safari/537.36"
[2026-09-02T04:32:45.391Z]  "GET /src/ui/backpack/pokeballs.js" "Mozilla/5.0 (X11; Linux x86_64) AppleWebKit/537.36 (KHTML, like Gecko) HeadlessChrome/145.0.7632.6 Safari/537.36"
[2026-09-02T04:32:45.392Z]  "GET /src/ui/backpack/potions.js" "Mozilla/5.0 (X11; Linux x86_64) AppleWebKit/537.36 (KHTML, like Gecko) HeadlessChrome/145.0.7632.6 Safari/537.36"
[2026-09-02T04:32:45.392Z]  "GET /src/ui/backpack/stones.js" "Mozilla/5.0 (X11; Linux x86_64) AppleWebKit/537.36 (KHTML, like Gecko) HeadlessChrome/145.0.7632.6 Safari/537.36"
[2026-09-02T04:32:45.396Z]  "GET /src/ui/backpack/utils.js" "Mozilla/5.0 (X11; Linux x86_64) AppleWebKit/537.36 (KHTML, like Gecko) HeadlessChrome/145.0.7632.6 Safari/537.36"
[2026-09-02T04:32:45.404Z]  "GET /config/pokemonData.js" "Mozilla/5.0 (X11; Linux x86_64) AppleWebKit/537.36 (KHTML, like Gecko) HeadlessChrome/145.0.7632.6 Safari/537.36"
[2026-09-02T04:32:45.405Z]  "GET /config/routes.js" "Mozilla/5.0 (X11; Linux x86_64) AppleWebKit/537.36 (KHTML, like Gecko) HeadlessChrome/145.0.7632.6 Safari/537.36"
[2026-09-02T04:32:45.405Z]  "GET /config/gyms.js" "Mozilla/5.0 (X11; Linux x86_64) AppleWebKit/537.36 (KHTML, like Gecko) HeadlessChrome/145.0.7632.6 Safari/537.36"
[2026-09-02T04:32:45.408Z]  "GET /config/balance.js" "Mozilla/5.0 (X11; Linux x86_64) AppleWebKit/537.36 (KHTML, like Gecko) HeadlessChrome/145.0.7632.6 Safari/537.36"
[2026-09-02T04:32:45.408Z]  "GET /config/moves.js" "Mozilla/5.0 (X11; Linux x86_64) AppleWebKit/537.36 (KHTML, like Gecko) HeadlessChrome/145.0.7632.6 Safari/537.36"
[2026-09-02T04:32:45.408Z]  "GET /config/types.js" "Mozilla/5.0 (X11; Linux x86_64) AppleWebKit/537.36 (KHTML, like Gecko) HeadlessChrome/145.0.7632.6 Safari/537.36"
[2026-09-02T04:32:45.416Z]  "GET /config/mapCoordinates.js" "Mozilla/5.0 (X11; Linux x86_64) AppleWebKit/537.36 (KHTML, like Gecko) HeadlessChrome/145.0.7632.6 Safari/537.36"
[2026-09-02T04:32:45.440Z]  "GET /Assets/BG/BG-Professor-Oak-Lab.png" "Mozilla/5.0 (X11; Linux x86_64) AppleWebKit/537.36 (KHTML, like Gecko) HeadlessChrome/145.0.7632.6 Safari/537.36"
[2026-09-02T04:32:54.539Z]  "GET /Assets/Extra/Backpack.png" "Mozilla/5.0 (X11; Linux x86_64) AppleWebKit/537.36 (KHTML, like Gecko) HeadlessChrome/145.0.7632.6 Safari/537.36"
